0.77777778;2807
0.76470588;2808
0.76470588;2809
0.75;2810
0.75;2811
0.75;2812
0.75;2813
0.75;2814
0.75;3760
0.75;3761
0.73684211;2806
0.73684211;3403
0.73684211;3404
0.73684211;3405
0.73684211;3406
0.73684211;3407
0.73684211;3408
0.73684211;3409
0.73684211;3410
0.73684211;3411
0.73684211;3424
0.73684211;3425
0.73684211;3426
0.73684211;3427
0.73684211;3428
0.73684211;3429
0.73684211;3430
0.73684211;3431
0.73684211;3432
0.73684211;3445
0.73684211;3446
0.73684211;3447
0.73684211;3448
0.73684211;3449
0.73684211;3450
0.73684211;3451
0.73684211;3452
0.73684211;3453
0.73684211;3466
0.73684211;3467
0.73684211;3468
0.73684211;3469
0.73684211;3470
0.73684211;3471
0.73684211;3472
0.73684211;3473
0.73684211;3474
0.73333333;2786
0.72727273;2781
0.72727273;3676
0.72727273;3677
0.72727273;3678
0.72727273;3679
0.72727273;3680
0.72727273;3681
0.72727273;3682
0.72727273;3683
0.72727273;3684
0.72727273;3718
0.72727273;3719
0.72727273;3720
0.72727273;3721
0.72727273;3722
0.72727273;3723
0.72727273;3724
0.72727273;3725
0.72727273;3726
0.72222222;3412
0.72222222;3413
0.72222222;3414
0.72222222;3415
0.72222222;3416
0.72222222;3417
0.72222222;3418
0.72222222;3433
0.72222222;3434
0.72222222;3435
0.72222222;3436
0.72222222;3437
0.72222222;3438
0.72222222;3439
0.72222222;3454
0.72222222;3455
0.72222222;3456
0.72222222;3457
0.72222222;3458
0.72222222;3459
0.72222222;3460
0.72222222;3475
0.72222222;3476
0.72222222;3477
0.72222222;3478
0.72222222;3479
0.72222222;3480
0.72222222;3481
0.72;2802
0.71428571;2787
0.71428571;2788
0.71428571;2804
0.71428571;3487
0.71428571;3488
0.71428571;3489
0.71428571;3490
0.71428571;3491
0.71428571;3492
0.71428571;3493
0.71428571;3494
0.71428571;3495
0.71428571;3579
0.71428571;3600
0.70833333;2529
0.70588235;2534
0.70588235;3419
0.70588235;3420
0.70588235;3421
0.70588235;3422
0.70588235;3423
0.70588235;3440
0.70588235;3441
0.70588235;3442
0.70588235;3443
0.70588235;3444
0.70588235;3461
0.70588235;3462
0.70588235;3463
0.70588235;3464
0.70588235;3465
0.70588235;3482
0.70588235;3483
0.70588235;3484
0.70588235;3485
0.70588235;3486
0.7;2782
0.7;2805
0.7;3496
0.7;3497
0.7;3498
0.7;3499
0.7;3500
0.7;3501
0.7;3502
0.7;3508
0.7;3509
0.7;3510
0.7;3511
0.7;3512
0.7;3513
0.7;3514
0.7;3515
0.7;3516
0.7;3655
0.7;3656
0.7;3657
0.7;3658
0.7;3659
0.7;3660
0.7;3661
0.7;3662
0.7;3663
0.7;3685
0.7;3686
0.7;3687
0.7;3688
0.7;3689
0.7;3690
0.7;3691
0.7;3697
0.7;3698
0.7;3699
0.7;3700
0.7;3701
0.7;3702
0.7;3703
0.7;3704
0.7;3705
0.7;3727
0.7;3728
0.7;3729
0.7;3730
0.7;3731
0.7;3732
0.7;3733
0.7;3734
0.7;3735
0.7;3736
0.7;3737
0.7;3738
0.7;3739
0.7;3740
0.7;3741
0.7;3742
0.7;3743
0.7;3744
0.7;3745
0.7;3746
0.7;3747
0.69565217;2780
0.69565217;2803
0.69230769;2528
0.69230769;2789
0.69230769;2790
0.69230769;2791
0.69230769;2792
0.69230769;2793
0.69230769;2801
0.69230769;3059
0.69230769;3060
0.69230769;3061
0.69230769;3537
0.69230769;3558
0.68965517;2277
0.6875;2535
0.6875;2536
0.6875;2785
0.6875;3613
0.6875;3614
0.6875;3615
0.6875;3616
0.6875;3617
0.6875;3618
0.6875;3619
0.6875;3620
0.6875;3621
0.68656716;276
0.68421053;1536
0.68421053;3503
0.68421053;3504
0.68421053;3505
0.68421053;3506
0.68421053;3507
0.68421053;3517
0.68421053;3518
0.68421053;3519
0.68421053;3520
0.68421053;3521
0.68421053;3522
0.68421053;3523
0.68181818;2282
0.68181818;2530
0.68085106;281
0.67924528;279
0.6779661;128
0.6779661;129
0.6779661;1284
0.67741935;2276
0.67741935;2549
0.67605634;24
0.67567568;1541
0.675;1289
0.67346939;29
0.67272727;27
0.67241379;130
0.67241379;380
0.67241379;381
0.67213115;1032
0.66666667;23
0.66666667;25
0.66666667;275
0.66666667;277
0.66666667;280
0.66666667;382
0.66666667;528
0.66666667;632
0.66666667;633
0.66666667;1037
0.66666667;1788
0.66666667;1793
0.66666667;1814
0.66666667;2066
0.66666667;2278
0.66666667;2283
0.66666667;2284
0.66666667;2533
0.66666667;2537
0.66666667;2538
0.66666667;2539
0.66666667;2540
0.66666667;2541
0.66666667;2570
0.66666667;2783
0.66666667;3033
0.66666667;3054
0.66666667;3062
0.66666667;3063
0.66666667;3064
0.66666667;3065
0.66666667;3066
0.66666667;3096
0.66666667;3101
0.66666667;3102
0.66666667;3103
0.66666667;3151
0.66666667;3152
0.66666667;3153
0.66666667;3154
0.66666667;3155
0.66666667;3156
0.66666667;3157
0.66666667;3158
0.66666667;3159
0.66666667;3361
0.66666667;3362
0.66666667;3363
0.66666667;3364
0.66666667;3365
0.66666667;3366
0.66666667;3367
0.66666667;3368
0.66666667;3369
0.66666667;3374
0.66666667;3375
0.66666667;3376
0.66666667;3395
0.66666667;3396
0.66666667;3397
0.66666667;3524
0.66666667;3525
0.66666667;3526
0.66666667;3527
0.66666667;3528
0.66666667;3578
0.66666667;3580
0.66666667;3599
0.66666667;3601
0.66666667;3626
0.66666667;3627
0.66666667;3628
0.66666667;3647
0.66666667;3648
0.66666667;3649
0.66666667;3664
0.66666667;3665
0.66666667;3666
0.66666667;3667
0.66666667;3668
0.66666667;3669
0.66666667;3670
0.66666667;3692
0.66666667;3693
0.66666667;3694
0.66666667;3695
0.66666667;3696
0.66666667;3706
0.66666667;3707
0.66666667;3708
0.66666667;3709
0.66666667;3710
0.66666667;3711
0.66666667;3712
0.66666667;3713
0.66666667;3714
0.66666667;3715
0.66666667;3716
0.66666667;3717
0.66666667;3748
0.66666667;3749
0.66666667;3750
0.66666667;3751
0.66666667;3752
0.66666667;3753
0.66666667;3754
0.66666667;3755
0.66666667;3756
0.66666667;3757
0.66666667;3758
0.66666667;3759
0.66129032;780
0.66071429;401
0.66071429;402
0.66037736;28
0.66037736;634
0.66037736;653
0.66037736;654
0.66037736;674
0.66037736;675
0.66;1598
0.66;1599
0.65957447;1602
0.65957447;1603
0.65957447;2271
0.65909091;282
0.65909091;533
0.65909091;1287
0.65853659;1539
0.65853659;2523
0.65853659;2796
0.65789474;1290
0.65789474;2087
0.65714286;1542
0.65714286;2591
0.65714286;2775
0.65625;2776
0.65517241;278
0.65517241;2526
0.65517241;2550
0.65517241;2799
0.65454545;131
0.65454545;383
0.65454545;403
0.65454545;422
0.65454545;423
0.65384615;635
0.65384615;655
0.65384615;676
0.65384615;1537
0.65384615;2778
0.65306122;531
0.65306122;716
0.65306122;717
0.65306122;1600
0.65217391;30
0.65217391;1035
0.65217391;1583
0.65217391;1604
0.65217391;2281
0.65217391;2544
0.65217391;3075
0.65217391;3172
0.65217391;3173
0.65217391;3174
0.65217391;3175
0.65217391;3176
0.65217391;3177
0.65217391;3178
0.65217391;3179
0.65116279;785
0.65116279;1310
0.65116279;1835
0.65116279;2102
0.65116279;2103
0.65;26
0.65;1038
0.65;1304
0.65;1305
0.65;1535
0.65;1562
0.65;2106
0.65;2107
0.65;2108
0.65;2285
0.65;2286
0.65;2287
0.65;2288
0.65;2289
0.65;2531
0.65;2555
0.65;3122
0.65;3143
0.65;3160
0.65;3161
0.65;3162
0.65;3163
0.65;3164
0.65;3382
0.65;3383
0.65;3384
0.65;3385
0.65;3386
0.65;3387
0.65;3388
0.65;3389
0.65;3390
0.64912281;149
0.64912281;150
0.64912281;1556
0.64912281;1557
0.64864865;1815
0.64864865;2339
0.64864865;2358
0.64864865;2359
0.64864865;2360
0.64864865;2524
0.64864865;2797
0.64814815;132
0.64814815;384
0.64814815;424
0.64814815;1285
0.64814815;1807
0.64814815;1808
0.64814815;1809
0.64705882;286
0.64705882;464
0.64705882;465
0.64705882;527
0.64705882;636
0.64705882;656
0.64705882;677
0.64705882;926
0.64705882;927
0.64705882;1794
0.64705882;2040
0.64705882;2045
0.64705882;2067
0.64705882;2274
0.64705882;2379
0.64705882;2380
0.64705882;2381
0.64705882;2547
0.64705882;2610
0.64705882;2611
0.64705882;2612
0.64705882;3056
0.64705882;3104
0.64705882;3105
0.64705882;3106
0.64705882;3107
0.64705882;3108
0.64705882;3285
0.64705882;3306
0.64615385;86
0.64615385;87
0.64583333;485
0.64583333;486
0.64583333;718
0.64583333;968
0.64583333;969
0.64583333;1850
0.64583333;1851
0.64516129;1052
0.64516129;1053
0.64516129;1283
0.64516129;2571
0.64516129;2710
0.64516129;2711
0.64516129;2712
0.64516129;2731
0.64516129;2732
0.64516129;2733
0.64516129;2822
0.64444444;1388
0.64444444;1389
0.64444444;1854
0.64444444;1855
0.64444444;1856
0.6440678;3
0.6440678;255
0.6440678;359
0.6440678;360
0.64285714;151
0.64285714;363
0.64285714;534
0.64285714;1033
0.64285714;1288
0.64285714;1546
0.64285714;1812
0.64285714;1875
0.64285714;1876
0.64285714;1877
0.64285714;2104
0.64285714;2272
0.64285714;2527
0.64285714;2545
0.64285714;2800
0.64285714;3058
0.64285714;3080
0.64285714;3081
0.64285714;3082
0.64285714;3095
0.64285714;3109
0.64285714;3110
0.64285714;3111
0.64285714;3112
0.64285714;3113
0.64285714;3114
0.64285714;3115
0.64285714;3116
0.64285714;3117
0.64285714;3377
0.64285714;3378
0.64285714;3379
0.64285714;3380
0.64285714;3381
0.64285714;3398
0.64285714;3399
0.64285714;3400
0.64285714;3401
0.64285714;3402
0.64285714;3536
0.64285714;3557
0.64285714;3622
0.64179104;779
0.64150943;133
0.64150943;385
0.64150943;404
0.64102564;1540
0.64102564;1791
0.64102564;2064
0.64102564;2109
0.640625;88
0.640625;1031
0.64;466
0.64;637
0.64;657
0.64;678
0.64;928
0.64;1549
0.64;1597
0.64;2279
0.64;2779
0.64;3097
0.64;3193
0.64;3194
0.64;3195
0.64;3196
0.64;3197
0.64;3198
0.64;3199
0.64;3200
0.64;3214
0.64;3215
0.64;3216
0.64;3217
0.64;3218
0.64;3219
0.64;3220
0.64;3221
0.64;3235
0.64;3236
0.64;3237
0.64;3238
0.64;3239
0.64;3240
0.64;3241
0.64;3242
0.63934426;90
0.63934426;338
0.63934426;339
0.63888889;285
0.63888889;2088
0.63888889;2227
0.63888889;2228
0.63888889;2229
0.63888889;2361
0.63888889;2568
0.63829787;487
0.63829787;532
0.63829787;719
0.63829787;737
0.63829787;738
0.63829787;783
0.63829787;970
0.63829787;989
0.63829787;990
0.63829787;1308
0.63829787;1331
0.63829787;1601
0.63829787;1852
0.63793103;342
0.63793103;361
0.63793103;507
0.63793103;529
0.63793103;1306
0.63636364;287
0.63636364;364
0.63636364;538
0.63636364;1011
0.63636364;1036
0.63636364;1058
0.63636364;1263
0.63636364;1325
0.63636364;1326
0.63636364;1390
0.63636364;1558
0.63636364;1560
0.63636364;1640
0.63636364;1641
0.63636364;1871
0.63636364;1872
0.63636364;2275
0.63636364;2382
0.63636364;2548
0.63636364;2576
0.63636364;2592
0.63636364;2613
0.63636364;3053
0.63636364;3098
0.63636364;3180
0.63636364;3332
0.63636364;3333
0.63636364;3334
0.63636364;3348
0.63636364;3370
0.63636364;3538
0.63636364;3559
0.63636364;3581
0.63636364;3602
0.63492063;107
0.63492063;108
0.63461538;405
0.63461538;425
0.63461538;1515
0.63461538;1577
0.63461538;1578
0.63461538;1810
0.63414634;786
0.63414634;1311
0.63414634;1813
0.63414634;2085
0.63333333;91
0.63333333;340
0.63333333;590
0.63333333;591
0.63333333;1054
0.63333333;1294
0.63333333;1303
0.63333333;1544
0.63333333;1819
0.63333333;2500
0.63333333;2501
0.63333333;2502
0.63333333;2631
0.63333333;2632
0.63333333;2633
0.63333333;2713
0.63333333;2734
0.63333333;2752
0.63333333;2753
0.63333333;2754
0.63265306;658
0.63265306;679
0.63265306;884
0.63265306;885
0.63265306;905
0.63265306;906
0.63265306;929
0.63265306;1056
0.63265306;1581
0.63265306;1789
0.63265306;1829
0.63265306;1830
0.63157895;33
0.63157895;284
0.63157895;343
0.63157895;594
0.63157895;611
0.63157895;612
0.63157895;759
0.63157895;781
0.63157895;1555
0.63157895;1563
0.63157895;1787
0.63157895;1792
0.63157895;2065
0.63157895;2127
0.63157895;2128
0.63157895;2129
0.63157895;2353
0.63157895;2354
0.63157895;2355
0.63157895;2356
0.63157895;2556
0.63157895;2557
0.63157895;2589
0.63157895;3032
0.63157895;3055
0.63157895;3100
0.63157895;3123
0.63157895;3124
0.63157895;3144
0.63157895;3145
0.63157895;3165
0.63157895;3166
0.63157895;3327
0.63157895;3371
0.63157895;3391
0.63043478;720
0.63043478;739
0.63043478;971
0.63043478;991
0.63043478;1220
0.63043478;1221
0.63043478;1538
0.63043478;1623
0.63043478;1624
0.63043478;1833
0.63013699;44
0.63013699;45
0.62962963;50
0.62962963;615
0.62962963;1297
0.62962963;1327
0.62962963;1346
0.62962963;1347
0.62962963;1547
0.62962963;1822
0.62962963;2071
0.62903226;109
0.62903226;1051
0.62857143;34
0.62857143;2230
0.62857143;2318
0.62857143;2340
0.62857143;2374
0.62857143;2375
0.62857143;2376
0.62857143;2377
0.62857143;2569
0.62857143;2605
0.62857143;2606
0.62857143;2607
0.62857143;2608
0.62790698;1391
0.62790698;1392
0.62790698;1584
0.62790698;1605
0.62790698;1642
0.62790698;1682
0.62790698;1683
0.62790698;1873
0.62790698;2101
0.62745098;134
0.62745098;212
0.62745098;213
0.62745098;386
0.62745098;406
0.62745098;426
0.62745098;1329
0.62745098;1350
0.62745098;1579
0.62711864;111
0.62711864;127
0.62711864;592
0.625;2
0.625;8
0.625;32
0.625;260
0.625;283
0.625;288
0.625;289
0.625;296
0.625;297
0.625;362
0.625;467
0.625;539
0.625;554
0.625;595
0.625;613
0.625;638
0.625;790
0.625;800
0.625;801
0.625;886
0.625;907
0.625;930
0.625;1042
0.625;1286
0.625;1292
0.625;1371
0.625;1543
0.625;1550
0.625;1551
0.625;1552
0.625;1553
0.625;1554
0.625;1582
0.625;1619
0.625;1620
0.625;1799
0.625;1817
0.625;1831
0.625;1836
0.625;1849
0.625;1892
0.625;1893
0.625;1997
0.625;1998
0.625;2019
0.625;2024
0.625;2046
0.625;2059
0.625;2060
0.625;2061
0.625;2062
0.625;2074
0.625;2086
0.625;2105
0.625;2123
0.625;2124
0.625;2337
0.625;2383
0.625;2479
0.625;2480
0.625;2481
0.625;2597
0.625;2618
0.625;2641
0.625;2784
0.625;3034
0.625;3074
0.625;3130
0.625;3131
0.625;3132
0.625;3133
0.625;3134
0.625;3135
0.625;3136
0.625;3137
0.625;3138
0.625;3201
0.625;3222
0.625;3243
0.625;3373
0.625;3394
0.625;3583
0.625;3584
0.625;3585
0.625;3586
0.625;3604
0.625;3605
0.625;3606
0.625;3607
0.625;3629
0.625;3630
0.625;3631
0.625;3632
0.625;3633
0.625;3650
0.625;3651
0.625;3652
0.625;3653
0.625;3654
0.625;3671
0.625;3672
0.625;3673
0.625;3674
0.625;3675
0.62295082;89
0.62264151;152
0.62264151;302
0.62264151;365
0.62264151;443
0.62264151;444
0.62264151;530
0.62264151;616
0.62264151;1348
0.62222222;488
0.62222222;721
0.62222222;740
0.62222222;784
0.62222222;972
0.62222222;992
0.62222222;1222
0.62222222;1241
0.62222222;1242
0.62222222;1309
0.62222222;1472
0.62222222;1473
0.62222222;1493
0.62222222;1494
0.62222222;1625
0.62222222;1834
0.62222222;1853
0.62162162;1016
0.62162162;1268
0.62162162;2043
0.62162162;2144
0.62162162;2145
0.62162162;2357
0.62162162;2590
0.62121212;548
0.62121212;549
0.62068966;49
0.62068966;92
0.62068966;112
0.62068966;341
0.62068966;379
0.62068966;1045
0.62068966;1295
0.62068966;1545
0.62068966;1820
0.62068966;2069
0.62068966;2092
0.62068966;2386
0.62068966;2503
0.62068966;2634
0.62068966;2714
0.62068966;2715
0.62068966;2716
0.62068966;2717
0.62068966;2735
0.62068966;2736
0.62068966;2737
0.62068966;2738
0.62068966;2755
0.62068966;2777
0.62068966;2823
0.62;214
0.62;427
0.62;695
0.62;696
0.62;1034
0.62;1330
0.62;1351
0.62;1367
0.62;1368
0.62;1767
0.62;2270
0.62;2292
0.61971831;46
0.61904762;31
0.61904762;254
0.61904762;1059
0.61904762;1393
0.61904762;1561
0.61904762;1643
0.61904762;1644
0.61904762;1645
0.61904762;1661
0.61904762;1662
0.61904762;1684
0.61904762;1745
0.61904762;1746
0.61904762;1857
0.61904762;1874
0.61904762;2081
0.61904762;2082
0.61904762;2083
0.61904762;2554
0.61904762;2577
0.61904762;2578
0.61904762;2815
0.61904762;2816
0.61904762;2817
0.61904762;2818
0.61904762;2828
0.61904762;3076
0.61904762;3099
0.61904762;3121
0.61904762;3142
0.61904762;3181
0.61904762;3182
0.61904762;3183
0.61904762;3184
0.61904762;3185
0.61904762;3186
0.61904762;3187
0.61904762;3571
0.61904762;3572
0.61904762;3573
0.61904762;3574
0.61818182;4
0.61818182;71
0.61818182;170
0.61818182;171
0.61818182;323
0.61818182;344
0.61818182;1324
0.61764706;35
0.61764706;537
0.61764706;1040
0.61764706;1291
0.61764706;1520
0.61764706;1772
0.61764706;1816
0.61764706;2111
0.61764706;2231
0.61764706;2232
0.61764706;2233
0.61764706;2234
0.61764706;2297
0.61764706;2378
0.61764706;2525
0.61764706;2609
0.61764706;2798
0.61764706;2820
0.61764706;3048
0.61702128;468
0.61702128;659
0.61702128;680
0.61702128;887
0.61702128;888
0.61702128;908
0.61702128;931
0.61702128;1057
0.61702128;1136
0.61702128;1137
0.61702128;1178
0.61702128;1179
0.61702128;1372
0.61702128;1516
0.61702128;1621
0.61702128;1811
0.61666667;48
0.61538462;65
0.61538462;66
0.61538462;153
0.61538462;445
0.61538462;512
0.61538462;553
0.61538462;764
0.61538462;1298
0.61538462;1299
0.61538462;1300
0.61538462;1301
0.61538462;1302
0.61538462;1548
0.61538462;1576
0.61538462;1798
0.61538462;1823
0.61538462;1824
0.61538462;1825
0.61538462;1826
0.61538462;1827
0.61538462;1878
0.61538462;1894
0.61538462;1912
0.61538462;1913
0.61538462;1914
0.61538462;1933
0.61538462;1934
0.61538462;1935
0.61538462;1976
0.61538462;1977
0.61538462;1999
0.61538462;2072
0.61538462;2095
0.61538462;2125
0.61538462;2273
0.61538462;2338
0.61538462;2389
0.61538462;2546
0.61538462;2551
0.61538462;2638
0.61538462;2639
0.61538462;2899
0.61538462;2900
0.61538462;2901
0.61538462;2902
0.61538462;2903
0.61538462;2904
0.61538462;2905
0.61538462;2906
0.61538462;3083
0.61538462;3084
0.61538462;3085
0.61538462;3086
0.61538462;3087
0.61538462;3118
0.61538462;3353
0.61538462;3354
0.61538462;3355
0.61538462;3623
0.61538462;3634
0.61538462;3635
0.61538462;3636
0.61538462;3637
0.61538462;3638
0.61538462;3639
0.61538462;3640
0.61538462;3641
0.61538462;3642
0.61428571;298
0.61403509;301
0.61403509;593
0.61403509;842
0.61403509;843
0.61403509;1073
0.61403509;1074
0.61403509;1094
0.61403509;1095
0.61363636;6
0.61363636;258
0.61363636;489
0.61363636;722
0.61363636;741
0.61363636;973
0.61363636;993
0.61363636;1223
0.61363636;1243
0.61363636;1332
0.61363636;1409
0.61363636;1410
0.61363636;1474
0.61363636;1495
0.61363636;1639
0.61363636;1790
0.61363636;1870
0.61363636;2063
0.61363636;2522
0.61363636;2563
0.61363636;2564
0.61363636;2565
0.61363636;2566
0.61363636;2795
0.61290323;290
0.61290323;291
0.61290323;292
0.61290323;293
0.61290323;540
0.61290323;541
0.61290323;791
0.61290323;802
0.61290323;1043
0.61290323;1293
0.61290323;1795
0.61290323;1818
0.61290323;2068
0.61290323;2090
0.61290323;2113
0.61290323;2134
0.61290323;2416
0.61290323;2417
0.61290323;2418
0.61290323;2437
0.61290323;2438
0.61290323;2439
0.61290323;2482
0.61290323;2626
0.61290323;2627
0.61290323;2628
0.61290323;2629
0.61290323;2647
0.61290323;2648
0.61290323;2649
0.61290323;2650
0.61290323;2668
0.61290323;2669
0.61290323;2670
0.61290323;2689
0.61290323;2690
0.61290323;2691
0.61290323;2843
0.61290323;2857
0.61290323;2858
0.61290323;2859
0.61290323;2860
0.61290323;2861
0.61290323;2862
0.61290323;2863
0.61290323;2864
0.61290323;3049
0.61290323;3093
0.6122449;155
0.6122449;407
0.6122449;697
0.6122449;947
0.6122449;948
0.6122449;1079
0.6122449;1352
0.6122449;1369
0.6122449;1580
0.6122449;1828
0.61111111;172
0.61111111;256
0.61111111;536
0.61111111;552
0.61111111;596
0.61111111;614
0.61111111;631
0.61111111;846
0.61111111;1039
0.61111111;1098
0.61111111;1345
0.61111111;2039
0.61111111;2044
0.61111111;2110
0.61111111;2130
0.61111111;2146
0.61111111;2164
0.61111111;2165
0.61111111;2166
0.61111111;2185
0.61111111;2186
0.61111111;2187
0.61111111;2206
0.61111111;2207
0.61111111;2208
0.61111111;2248
0.61111111;2249
0.61111111;2250
0.61111111;2532
0.61111111;2558
0.61111111;2559
0.61111111;2560
0.61111111;2561
0.61111111;2562
0.61111111;3077
0.61111111;3125
0.61111111;3126
0.61111111;3127
0.61111111;3128
0.61111111;3129
0.61111111;3146
0.61111111;3147
0.61111111;3148
0.61111111;3149
0.61111111;3150
0.61111111;3167
0.61111111;3168
0.61111111;3169
0.61111111;3170
0.61111111;3171
0.61111111;3284
0.61111111;3305
0.61111111;3372
0.61111111;3392
0.61111111;3393
0.61111111;3592
0.61111111;3593
0.61111111;3594
0.61111111;3595
0.61111111;3596
0.61111111;3597
0.61016949;70
0.61016949;110
0.61016949;300
0.61016949;322
0.6097561;1394
0.6097561;1646
0.6097561;1663
0.6097561;1685
0.6097561;1686
0.6097561;1724
0.6097561;1725
0.6097561;1747
0.6097561;2084
0.6097561;2567
0.609375;67
0.609375;317
0.609375;318
0.609375;550
0.609375;799
0.60869565;469
0.60869565;555
0.60869565;806
0.60869565;889
0.60869565;909
0.60869565;1138
0.60869565;1180
0.60869565;1373
0.60869565;1622
0.60869565;1800
0.60869565;1801
0.60869565;1832
0.60869565;2041
0.60869565;2051
0.60869565;2075
0.60869565;2076
0.60869565;2077
0.60869565;2078
0.60869565;2079
0.60869565;2280
0.60869565;2552
0.60869565;2575
0.60869565;2598
0.60869565;2599
0.60869565;2619
0.60869565;2620
0.60869565;2642
0.60869565;2643
0.60869565;2644
0.60869565;2645
0.60869565;2646
0.60869565;3119
0.60869565;3139
0.60869565;3202
0.60869565;3203
0.60869565;3204
0.60869565;3205
0.60869565;3206
0.60869565;3207
0.60869565;3208
0.60869565;3223
0.60869565;3224
0.60869565;3225
0.60869565;3226
0.60869565;3227
0.60869565;3228
0.60869565;3229
0.60869565;3244
0.60869565;3245
0.60869565;3246
0.60869565;3247
0.60869565;3248
0.60869565;3249
0.60869565;3250
0.60869565;3347
0.60784314;154
0.60784314;617
0.60784314;782
0.60784314;804
0.60784314;867
0.60784314;1119
0.60784314;1307
0.60784314;1328
0.60784314;1349
0.60714286;113
0.60714286;400
0.60714286;844
0.60714286;1046
0.60714286;1047
0.60714286;1048
0.60714286;1049
0.60714286;1050
0.60714286;1075
0.60714286;1096
0.60714286;1296
0.60714286;1796
0.60714286;1821
0.60714286;2070
0.60714286;2093
0.60714286;2116
0.60714286;2365
0.60714286;2387
0.60714286;2504
0.60714286;2505
0.60714286;2506
0.60714286;2507
0.60714286;2572
0.60714286;2635
0.60714286;2718
0.60714286;2739
0.60714286;2756
0.60714286;2757
0.60714286;2758
0.60714286;2759
0.60714286;2983
0.60714286;2984
0.60714286;2985
0.60714286;2986
0.60714286;2987
0.60714286;2988
0.60714286;2989
0.60714286;2990
0.60714286;3300
0.60655738;69
0.60655738;321
0.60655738;506
0.60606061;36
0.60606061;37
0.60606061;85
0.60606061;789
0.60606061;1041
0.60606061;1315
0.60606061;1588
0.60606061;1609
0.60606061;1840
0.60606061;1861
0.60606061;1882
0.60606061;2089
0.60606061;2112
0.60606061;2133
0.60606061;2235
0.60606061;2319
0.60606061;2362
0.60606061;2395
0.60606061;2396
0.60606061;2397
0.60606061;2398
0.60606061;2821
0.60606061;3067
0.60606061;3068
0.60606061;3069
0.60606061;3070
0.60526316;9
0.60526316;261
0.60526316;535
0.60526316;1879
0.60526316;1895
0.60526316;1896
0.60526316;1897
0.60526316;1898
0.60526316;1915
0.60526316;1936
0.60526316;1978
0.60526316;2000
0.60526316;2001
0.60526316;2126
0.60526316;2316
0.60526316;2584
0.60526316;2585
0.60526316;2586
0.60526316;2587
0.60526316;2588
0.60526316;2774
0.60465116;7
0.60465116;259
0.60465116;490
0.60465116;510
0.60465116;742
0.60465116;974
0.60465116;994
0.60465116;1224
0.60465116;1244
0.60465116;1411
0.60465116;1475
0.60465116;1496
0.60465116;1681
0.60465116;2020
0.60465116;2080
0.60416667;135
0.60416667;215
0.60416667;233
0.60416667;234
0.60416667;387
0.60416667;428
0.60416667;698
0.60416667;949
0.60416667;1199
0.60416667;1200
0.60416667;1370
0.60416667;1559
0.60416667;1618
0.60416667;2543
0.60377358;191
0.60377358;192
0.60377358;508
0.60377358;652
0.60377358;673
0.60377358;847
0.60377358;863
0.60377358;864
0.60377358;1055
0.60377358;1077
0.60377358;1099
0.60377358;1115
0.60377358;1116
0.60344828;1010
0.60344828;1262
0.6031746;319
0.6;5
0.6;43
0.6;47
0.6;51
0.6;93
0.6;218
0.6;294
0.6;303
0.6;366
0.6;421
0.6;446
0.6;470
0.6;542
0.6;543
0.6;544
0.6;545
0.6;546
0.6;639
0.6;758
0.6;788
0.6;792
0.6;793
0.6;827
0.6;868
0.6;890
0.6;910
0.6;932
0.6;1012
0.6;1014
0.6;1017
0.6;1044
0.6;1120
0.6;1139
0.6;1140
0.6;1157
0.6;1158
0.6;1181
0.6;1264
0.6;1266
0.6;1269
0.6;1313
0.6;1318
0.6;1366
0.6;1387
0.6;1430
0.6;1431
0.6;1471
0.6;1514
0.6;1567
0.6;1587
0.6;1608
0.6;1664
0.6;1665
0.6;1666
0.6;1687
0.6;1726
0.6;1748
0.6;1749
0.6;1768
0.6;1838
0.6;1843
0.6;1860
0.6;1881
0.6;1891
0.6;1996
0.6;2022
0.6;2025
0.6;2073
0.6;2091
0.6;2096
0.6;2097
0.6;2098
0.6;2099
0.6;2100
0.6;2114
0.6;2122
0.6;2131
0.6;2135
0.6;2147
0.6;2148
0.6;2149
0.6;2150
0.6;2167
0.6;2188
0.6;2209
0.6;2251
0.6;2293
0.6;2332
0.6;2333
0.6;2334
0.6;2335
0.6;2336
0.6;2347
0.6;2363
0.6;2368
0.6;2384
0.6;2385
0.6;2390
0.6;2391
0.6;2392
0.6;2393
0.6;2394
0.6;2419
0.6;2440
0.6;2483
0.6;2484
0.6;2485
0.6;2486
0.6;2573
0.6;2579
0.6;2580
0.6;2581
0.6;2582
0.6;2583
0.6;2593
0.6;2596
0.6;2614
0.6;2617
0.6;2630
0.6;2640
0.6;2651
0.6;2652
0.6;2653
0.6;2654
0.6;2671
0.6;2692
0.6;2829
0.6;2830
0.6;2865
0.6;2907
0.6;2920
0.6;2921
0.6;2922
0.6;2923
0.6;2924
0.6;2925
0.6;2926
0.6;2927
0.6;3027
0.6;3038
0.6;3039
0.6;3040
0.6;3051
0.6;3057
0.6;3079
0.6;3094
0.6;3188
0.6;3189
0.6;3190
0.6;3191
0.6;3192
0.6;3256
0.6;3257
0.6;3258
0.6;3259
0.6;3260
0.6;3261
0.6;3262
0.6;3263
0.6;3278
0.6;3279
0.6;3286
0.6;3290
0.6;3291
0.6;3292
0.6;3307
0.6;3311
0.6;3312
0.6;3313
0.6;3326
0.6;3329
0.6;3335
0.6;3336
0.6;3337
0.6;3338
0.6;3339
0.6;3349
0.6;3531
0.6;3532
0.6;3539
0.6;3552
0.6;3553
0.6;3560
0.6;3625
0.6;3646
0.59701493;547
0.59677419;337
0.59649123;148
0.59649123;610
0.59615385;173
0.59615385;193
0.59615385;345
0.59615385;575
0.59615385;760
0.59615385;848
0.59615385;865
0.59615385;1078
0.59615385;1100
0.59615385;1117
0.59574468;216
0.59574468;235
0.59574468;699
0.59574468;950
0.59574468;1201
0.5952381;239
0.5952381;491
0.5952381;511
0.5952381;723
0.5952381;743
0.5952381;762
0.5952381;995
0.5952381;1225
0.5952381;1245
0.5952381;1412
0.5952381;1413
0.5952381;1476
0.5952381;1497
0.5952381;1626
0.5952381;1660
0.5952381;1744
0.5952381;2042
0.59459459;295
0.59459459;513
0.59459459;765
0.59459459;787
0.59459459;1312
0.59459459;1518
0.59459459;1586
0.59459459;1607
0.59459459;1770
0.59459459;1837
0.59459459;1859
0.59459459;1880
0.59459459;1916
0.59459459;1917
0.59459459;1918
0.59459459;1919
0.59459459;1937
0.59459459;1938
0.59459459;1939
0.59459459;1940
0.59459459;1979
0.59459459;1980
0.59459459;1981
0.59459459;1982
0.59459459;2002
0.59459459;2003
0.59459459;2143
0.59459459;2295
0.59459459;2317
0.59375;38
0.59375;39
0.59375;40
0.59375;41
0.59375;299
0.59375;1316
0.59375;1521
0.59375;1565
0.59375;1589
0.59375;1610
0.59375;1773
0.59375;1841
0.59375;1862
0.59375;1883
0.59375;2236
0.59375;2237
0.59375;2238
0.59375;2239
0.59375;2240
0.59375;2241
0.59375;2242
0.59375;2298
0.59375;2341
0.59375;2399
0.59375;2400
0.59375;2401
0.59375;2402
0.59375;2458
0.59375;2459
0.59375;2460
0.59322034;358
0.59259259;845
0.59259259;1097
0.59259259;1570
0.59259259;1797
0.59259259;2094
0.59259259;2117
0.59259259;2118
0.59259259;2119
0.59259259;2120
0.59259259;2121
0.59259259;2344
0.59259259;2345
0.59259259;2366
0.59259259;2388
0.59259259;2508
0.59259259;2594
0.59259259;2615
0.59259259;2636
0.59259259;2637
0.59259259;2719
0.59259259;2720
0.59259259;2721
0.59259259;2722
0.59259259;2723
0.59259259;2724
0.59259259;2725
0.59259259;2740
0.59259259;2741
0.59259259;2742
0.59259259;2743
0.59259259;2744
0.59259259;2745
0.59259259;2746
0.59259259;2760
0.59259259;2824
0.59259259;2878
0.59259259;2879
0.59259259;2880
0.59259259;2881
0.59259259;2882
0.59259259;2883
0.59259259;2884
0.59259259;2885
0.59259259;2991
0.59259259;3004
0.59259259;3005
0.59259259;3006
0.59259259;3007
0.59259259;3008
0.59259259;3009
0.59259259;3010
0.59259259;3011
0.59259259;3028
0.59259259;3072
0.59183673;257
0.59183673;447
0.59183673;715
0.59183673;805
0.59183673;869
0.59183673;1121
0.59090909;237
0.59090909;660
0.59090909;681
0.59090909;807
0.59090909;911
0.59090909;1141
0.59090909;1159
0.59090909;1182
0.59090909;1408
0.59090909;1432
0.59090909;1802
0.59090909;1803
0.59090909;1804
0.59090909;1805
0.59090909;1806
0.59090909;2052
0.59090909;2053
0.59090909;2553
0.59090909;2600
0.59090909;2601
0.59090909;2602
0.59090909;2603
0.59090909;2604
0.59090909;2621
0.59090909;2622
0.59090909;2623
0.59090909;2624
0.59090909;2625
0.59090909;2827
0.59090909;2870
0.59090909;2891
0.59090909;3120
0.59090909;3140
0.59090909;3141
0.59090909;3209
0.59090909;3210
0.59090909;3211
0.59090909;3212
0.59090909;3213
0.59090909;3230
0.59090909;3231
0.59090909;3232
0.59090909;3233
0.59090909;3234
0.59090909;3251
0.59090909;3252
0.59090909;3253
0.59090909;3254
0.59090909;3255
0.59016393;68
0.59016393;320
0.59016393;569
0.59016393;570
0.59016393;589
0.58974359;1015
0.58974359;1267
0.58974359;1585
0.58974359;1606
0.58974359;1667
0.58974359;1688
0.58974359;1727
0.58974359;1728
0.58974359;1750
0.58974359;1751
0.58974359;1858
0.58974359;1975
0.58974359;2773
0.58974359;2819
0.58928571;574
0.58823529;72
0.58823529;174
0.58823529;324
0.58823529;463
0.58823529;597
0.58823529;866
0.58823529;925
0.58823529;1063
0.58823529;1118
0.58823529;1314
0.58823529;1336
0.58823529;1564
0.58823529;1839
0.58823529;2018
0.58823529;2023
0.58823529;2132
0.58823529;2168
0.58823529;2169
0.58823529;2170
0.58823529;2171
0.58823529;2189
0.58823529;2190
0.58823529;2191
0.58823529;2192
0.58823529;2210
0.58823529;2211
0.58823529;2212
0.58823529;2213
0.58823529;2252
0.58823529;2253
0.58823529;2254
0.58823529;2255
0.58823529;2841
0.58823529;3078
0.58823529;3328
0.58823529;3350
0.58823529;3576
0.58823529;3577
0.58823529;3598
0.58730159;106
0.58695652;136
0.58695652;137
0.58695652;156
0.58695652;217
0.58695652;369
0.58695652;388
0.58695652;389
0.58695652;408
0.58695652;700
0.58695652;951
0.58695652;1080
0.58695652;1202
0.58695652;1219
0.58695652;1353
0.58695652;1451
0.58695652;1452
0.58695652;2311
0.58695652;2312
0.58695652;2313
0.58695652;2314
0.5862069;551
0.5862069;573
0.5862069;794
0.5862069;795
0.5862069;796
0.5862069;797
0.5862069;798
0.5862069;821
0.5862069;822
0.5862069;1072
0.5862069;1093
0.5862069;1319
0.5862069;1320
0.5862069;1321
0.5862069;1322
0.5862069;1323
0.5862069;1568
0.5862069;1844
0.5862069;1845
0.5862069;1846
0.5862069;1847
0.5862069;1848
0.5862069;2047
0.5862069;2115
0.5862069;2136
0.5862069;2137
0.5862069;2342
0.5862069;2364
0.5862069;2420
0.5862069;2421
0.5862069;2422
0.5862069;2423
0.5862069;2441
0.5862069;2442
0.5862069;2443
0.5862069;2444
0.5862069;2487
0.5862069;2655
0.5862069;2672
0.5862069;2673
0.5862069;2674
0.5862069;2675
0.5862069;2693
0.5862069;2694
0.5862069;2695
0.5862069;2696
0.5862069;2844
0.58536585;763
0.58536585;975
0.58536585;1226
0.58536585;1246
0.58536585;1414
0.58536585;1477
0.58536585;1498
0.58536585;1627
0.58536585;1723
0.58490566;114
0.58490566;826
0.58490566;1076
0.58490566;1114
0.58490566;2291
0.58333333;96
0.58333333;176
0.58333333;367
0.58333333;368
0.58333333;448
0.58333333;484
0.58333333;509
0.58333333;559
0.58333333;571
0.58333333;618
0.58333333;967
0.58333333;1061
0.58333333;1335
0.58333333;1519
0.58333333;1526
0.58333333;1630
0.58333333;1771
0.58333333;1786
0.58333333;2050
0.58333333;2296
0.58333333;2324
0.58333333;2348
0.58333333;2349
0.58333333;2350
0.58333333;2351
0.58333333;2352
0.58333333;2369
0.58333333;2370
0.58333333;2371
0.58333333;2372
0.58333333;2373
0.58333333;2574
0.58333333;2825
0.58333333;2908
0.58333333;2909
0.58333333;2910
0.58333333;2911
0.58333333;2912
0.58333333;2928
0.58333333;3052
0.58333333;3264
0.58333333;3280
0.58333333;3331
0.58333333;3356
0.58333333;3357
0.58333333;3358
0.58333333;3359
0.58333333;3360
0.58333333;3643
0.58333333;3644
0.58181818;803
0.58139535;54
0.58139535;98
0.58139535;119
0.58139535;140
0.58139535;219
0.58139535;238
0.58139535;306
0.58139535;370
0.58139535;392
0.58139535;471
0.58139535;640
0.58139535;641
0.58139535;1142
0.58139535;1160
0.58139535;1161
0.58139535;1183
0.58139535;1374
0.58139535;1433
0.58139535;1434
0.58139535;1703
0.58139535;1704
0.58139535;2315
0.58064516;42
0.58064516;1066
0.58064516;1317
0.58064516;1566
0.58064516;1590
0.58064516;1591
0.58064516;1611
0.58064516;1612
0.58064516;1842
0.58064516;1863
0.58064516;1864
0.58064516;1884
0.58064516;1885
0.58064516;2243
0.58064516;2244
0.58064516;2245
0.58064516;2246
0.58064516;2247
0.58064516;2403
0.58064516;2461
0.58064516;3088
0.58064516;3089
0.58064516;3090
0.58064516;3091
0.58064516;3092
0.58064516;3277
0.58064516;3299
0.58;95
0.58;175
0.58;194
0.57894737;558
0.57894737;823
0.57894737;1060
0.57894737;1334
0.57894737;1395
0.57894737;1629
0.57894737;1647
0.57894737;1729
0.57894737;1730
0.57894737;2831
0.57894737;2832
0.57894737;2833
0.57894737;2834
0.57894737;2835
0.578125;1534
0.57777778;53
0.57777778;97
0.57777778;138
0.57777778;139
0.57777778;236
0.57777778;305
0.57777778;348
0.57777778;390
0.57777778;391
0.57777778;429
0.57777778;701
0.57777778;952
0.57777778;1013
0.57777778;1203
0.57777778;1240
0.57777778;1265
0.57777778;1429
0.57777778;1453
0.57777778;1492
0.57692308;1022
0.57692308;1274
0.57692308;1571
0.57692308;1572
0.57692308;1573
0.57692308;1574
0.57692308;1575
0.57692308;1766
0.57692308;2048
0.57692308;2346
0.57692308;2367
0.57692308;2509
0.57692308;2510
0.57692308;2511
0.57692308;2512
0.57692308;2513
0.57692308;2514
0.57692308;2515
0.57692308;2595
0.57692308;2616
0.57692308;2662
0.57692308;2726
0.57692308;2727
0.57692308;2728
0.57692308;2729
0.57692308;2730
0.57692308;2747
0.57692308;2748
0.57692308;2749
0.57692308;2750
0.57692308;2751
0.57692308;2761
0.57692308;2762
0.57692308;2763
0.57692308;2764
0.57692308;2765
0.57692308;2766
0.57692308;2767
0.57692308;2886
0.57692308;2992
0.57692308;2993
0.57692308;2994
0.57692308;2995
0.57692308;2996
0.57692308;2997
0.57692308;2998
0.57692308;3012
0.57692308;3073
0.57692308;3301
0.57692308;3345
0.57575758;11
0.57575758;263
0.57575758;1064
0.57575758;1337
0.57575758;2151
0.57575758;2214
0.57575758;2256
0.57575758;2842
0.575;55
0.575;240
0.575;307
0.575;492
0.575;557
0.575;724
0.575;725
0.575;726
0.575;727
0.575;744
0.575;996
0.575;1247
0.575;1333
0.575;1415
0.575;1478
0.575;1499
0.575;1628
0.575;2021
0.57446809;347
0.57446809;736
0.57446809;761
0.57446809;828
0.57446809;988
0.57446809;1135
0.57446809;1177
0.57446809;2521
0.57407407;825
0.57333333;526
0.57142857;10
0.57142857;99
0.57142857;100
0.57142857;120
0.57142857;121
0.57142857;141
0.57142857;142
0.57142857;161
0.57142857;162
0.57142857;163
0.57142857;195
0.57142857;262
0.57142857;349
0.57142857;371
0.57142857;393
0.57142857;394
0.57142857;413
0.57142857;414
0.57142857;415
0.57142857;556
0.57142857;560
0.57142857;576
0.57142857;642
0.57142857;643
0.57142857;644
0.57142857;661
0.57142857;662
0.57142857;663
0.57142857;664
0.57142857;665
0.57142857;666
0.57142857;667
0.57142857;682
0.57142857;683
0.57142857;684
0.57142857;685
0.57142857;811
0.57142857;849
0.57142857;883
0.57142857;891
0.57142857;904
0.57142857;933
0.57142857;1021
0.57142857;1062
0.57142857;1101
0.57142857;1162
0.57142857;1273
0.57142857;1375
0.57142857;1435
0.57142857;1517
0.57142857;1569
0.57142857;1631
0.57142857;1705
0.57142857;1769
0.57142857;1899
0.57142857;1983
0.57142857;2004
0.57142857;2026
0.57142857;2054
0.57142857;2055
0.57142857;2056
0.57142857;2057
0.57142857;2058
0.57142857;2138
0.57142857;2139
0.57142857;2140
0.57142857;2141
0.57142857;2142
0.57142857;2294
0.57142857;2343
0.57142857;2424
0.57142857;2445
0.57142857;2488
0.57142857;2489
0.57142857;2490
0.57142857;2491
0.57142857;2492
0.57142857;2493
0.57142857;2494
0.57142857;2656
0.57142857;2657
0.57142857;2658
0.57142857;2659
0.57142857;2660
0.57142857;2676
0.57142857;2697
0.57142857;2849
0.57142857;2866
0.57142857;2871
0.57142857;2872
0.57142857;2892
0.57142857;2893
0.57142857;2941
0.57142857;2942
0.57142857;2943
0.57142857;2944
0.57142857;2945
0.57142857;2946
0.57142857;2947
0.57142857;2948
0.57142857;2962
0.57142857;2963
0.57142857;2964
0.57142857;2965
0.57142857;2966
0.57142857;2967
0.57142857;2968
0.57142857;2969
0.57142857;3030
0.57142857;3035
0.57142857;3050
0.57142857;3287
0.57142857;3303
0.57142857;3304
0.57142857;3308
0.57142857;3319
0.57142857;3320
0.57142857;3321
0.57142857;3322
0.57142857;3352
0.57142857;3541
0.57142857;3542
0.57142857;3543
0.57142857;3544
0.57142857;3562
0.57142857;3563
0.57142857;3564
0.57142857;3565
0.57142857;3587
0.57142857;3588
0.57142857;3589
0.57142857;3590
0.57142857;3591
0.57142857;3608
0.57142857;3609
0.57142857;3610
0.57142857;3611
0.57142857;3612
0.57142857;3762
0.56896552;572
0.56896552;841
0.56862745;94
0.56862745;211
0.56818182;75
0.56818182;157
0.56818182;158
0.56818182;159
0.56818182;160
0.56818182;327
0.56818182;409
0.56818182;410
0.56818182;411
0.56818182;412
0.56818182;600
0.56818182;621
0.56818182;953
0.56818182;1204
0.56818182;1454
0.56818182;2794
0.56790123;22
0.56756757;778
0.56756757;1378
0.56756757;1396
0.56756757;1397
0.56756757;1648
0.56756757;1649
0.56756757;1752
0.56756757;3047
0.56716418;64
0.56666667;13
0.56666667;265
0.56666667;517
0.56666667;769
0.56666667;1019
0.56666667;1067
0.56666667;1068
0.56666667;1069
0.56666667;1070
0.56666667;1071
0.56666667;1271
0.56666667;1592
0.56666667;1593
0.56666667;1594
0.56666667;1595
0.56666667;1596
0.56666667;1613
0.56666667;1614
0.56666667;1615
0.56666667;1616
0.56666667;1617
0.56666667;1865
0.56666667;1866
0.56666667;1867
0.56666667;1868
0.56666667;1869
0.56666667;1886
0.56666667;1887
0.56666667;1888
0.56666667;1889
0.56666667;1890
0.56666667;2320
0.56666667;2404
0.56666667;2462
0.56666667;2463
0.56666667;2464
0.56666667;2465
0.56666667;3071
0.56603774;442
0.56603774;862
0.56521739;52
0.56521739;74
0.56521739;197
0.56521739;304
0.56521739;326
0.56521739;449
0.56521739;599
0.56521739;619
0.56521739;620
0.56521739;870
0.56521739;1122
0.56521739;1282
0.56521739;1450
0.56521739;1527
0.56521739;1528
0.56521739;1778
0.56521739;2030
0.56521739;2303
0.56521739;2325
0.56521739;2326
0.56521739;2826
0.56521739;2869
0.56521739;2890
0.56521739;2913
0.56521739;2914
0.56521739;2929
0.56521739;2930
0.56521739;2931
0.56521739;2932
0.56521739;2933
0.56521739;2934
0.56521739;2935
0.56521739;3265
0.56521739;3266
0.56521739;3267
0.56521739;3268
0.56521739;3269
0.56521739;3270
0.56521739;3271
0.56521739;3324
0.56521739;3530
0.56521739;3551
0.56521739;3763
0.56410256;56
0.56410256;241
0.56410256;242
0.56410256;243
0.56410256;244
0.56410256;274
0.56410256;308
0.56410256;493
0.56410256;494
0.56410256;495
0.56410256;496
0.56410256;728
0.56410256;729
0.56410256;730
0.56410256;745
0.56410256;746
0.56410256;747
0.56410256;748
0.56410256;976
0.56410256;977
0.56410256;978
0.56410256;979
0.56410256;997
0.56410256;998
0.56410256;999
0.56410256;1000
0.56410256;1227
0.56410256;1377
0.56410256;1954
0.56410256;1955
0.56410256;1956
0.56363636;169
0.56338028;1030
0.5625;12
0.5625;196
0.5625;264
0.5625;346
0.5625;515
0.5625;767
0.5625;1018
0.5625;1065
0.5625;1198
0.5625;1270
0.5625;1338
0.5625;1339
0.5625;2152
0.5625;2153
0.5625;2154
0.5625;2155
0.5625;2156
0.5625;2172
0.5625;2193
0.5625;2215
0.5625;2216
0.5625;2217
0.5625;2218
0.5625;2219
0.5625;2220
0.5625;2221
0.5625;2257
0.5625;2258
0.5625;2259
0.5625;2260
0.5625;2261
0.5625;2262
0.5625;2263
0.5625;3351
0.5625;3534
0.5625;3535
0.5625;3555
0.5625;3556
0.56140351;2038
0.56097561;76
0.56097561;101
0.56097561;122
0.56097561;143
0.56097561;164
0.56097561;220
0.56097561;221
0.56097561;222
0.56097561;223
0.56097561;328
0.56097561;350
0.56097561;372
0.56097561;373
0.56097561;395
0.56097561;416
0.56097561;434
0.56097561;435
0.56097561;436
0.56097561;472
0.56097561;473
0.56097561;474
0.56097561;475
0.56097561;601
0.56097561;622
0.56097561;645
0.56097561;646
0.56097561;668
0.56097561;686
0.56097561;687
0.56097561;688
0.56097561;892
0.56097561;893
0.56097561;912
0.56097561;934
0.56097561;935
0.56097561;936
0.56097561;937
0.56097561;1163
0.56097561;1184
0.56097561;1376
0.56097561;1436
0.56097561;1706
0.56097561;1707
0.56060606;316
0.56;115
0.56;116
0.56;694
0.56;1023
0.56;1024
0.56;1275
0.56;1276
0.56;1525
0.56;2049
0.56;2323
0.56;2516
0.56;2517
0.56;2518
0.56;2519
0.56;2520
0.56;2663
0.56;2664
0.56;2665
0.56;2666
0.56;2667
0.56;2768
0.56;2769
0.56;2770
0.56;2771
0.56;2772
0.56;2867
0.56;2887
0.56;2999
0.56;3000
0.56;3001
0.56;3002
0.56;3003
0.56;3013
0.56;3014
0.56;3015
0.56;3016
0.56;3017
0.56;3018
0.56;3019
0.56;3346
0.56;3529
0.55932203;820
0.55882353;514
0.55882353;561
0.55882353;562
0.55882353;766
0.55882353;812
0.55882353;1632
0.55882353;1633
0.55882353;1900
0.55882353;1901
0.55882353;1902
0.55882353;1903
0.55882353;1904
0.55882353;1920
0.55882353;1941
0.55882353;1984
0.55882353;1985
0.55882353;1986
0.55882353;1987
0.55882353;1988
0.55882353;1989
0.55882353;1990
0.55882353;2005
0.55882353;2006
0.55882353;2007
0.55882353;2008
0.55882353;2836
0.55882353;2837
0.55882353;2838
0.55882353;2839
0.55882353;2840
0.55813953;430
0.55813953;431
0.55813953;432
0.55813953;433
0.55813953;702
0.55813953;1205
0.55813953;1455
0.55813953;1702
0.55555556;16
0.55555556;177
0.55555556;268
0.55555556;520
0.55555556;772
0.55555556;810
0.55555556;824
0.55555556;871
0.55555556;1084
0.55555556;1123
0.55555556;1156
0.55555556;1357
0.55555556;1379
0.55555556;1398
0.55555556;1399
0.55555556;1400
0.55555556;1523
0.55555556;1650
0.55555556;1651
0.55555556;1652
0.55555556;1668
0.55555556;1689
0.55555556;1731
0.55555556;1753
0.55555556;1754
0.55555556;1755
0.55555556;1756
0.55555556;2321
0.55555556;2410
0.55555556;2425
0.55555556;2426
0.55555556;2427
0.55555556;2428
0.55555556;2429
0.55555556;2430
0.55555556;2431
0.55555556;2446
0.55555556;2447
0.55555556;2448
0.55555556;2449
0.55555556;2450
0.55555556;2451
0.55555556;2452
0.55555556;2495
0.55555556;2496
0.55555556;2497
0.55555556;2498
0.55555556;2499
0.55555556;2661
0.55555556;2677
0.55555556;2678
0.55555556;2679
0.55555556;2680
0.55555556;2681
0.55555556;2682
0.55555556;2683
0.55555556;2698
0.55555556;2699
0.55555556;2700
0.55555556;2701
0.55555556;2702
0.55555556;2703
0.55555556;2704
0.55555556;2845
0.55555556;2949
0.55555556;2970
0.55555556;3041
0.55555556;3042
0.55555556;3043
0.55555556;3044
0.55555556;3045
0.55555556;3293
0.55555556;3294
0.55555556;3295
0.55555556;3296
0.55555556;3297
0.55555556;3314
0.55555556;3315
0.55555556;3316
0.55555556;3317
0.55555556;3318
0.55555556;3575
0.55555556;3582
0.55555556;3603
0.55319149;73
0.55319149;325
0.55319149;598
0.55263158;57
0.55263158;58
0.55263158;245
0.55263158;246
0.55263158;247
0.55263158;309
0.55263158;310
0.55263158;497
0.55263158;498
0.55263158;499
0.55263158;731
0.55263158;732
0.55263158;733
0.55263158;734
0.55263158;735
0.55263158;749
0.55263158;750
0.55263158;751
0.55263158;809
0.55263158;980
0.55263158;981
0.55263158;982
0.55263158;1001
0.55263158;1002
0.55263158;1003
0.55263158;1083
0.55263158;1248
0.55263158;1356
0.55263158;1479
0.55263158;1500
0.55263158;1957
0.55172414;14
0.55172414;266
0.55172414;518
0.55172414;770
0.55172414;1020
0.55172414;1272
0.55172414;1522
0.55172414;1774
0.55172414;2299
0.55172414;2405
0.55172414;2406
0.55172414;2407
0.55172414;2408
0.55172414;2466
0.55102041;117
0.55102041;946
0.55;77
0.55;102
0.55;103
0.55;104
0.55;123
0.55;124
0.55;125
0.55;144
0.55;145
0.55;146
0.55;165
0.55;166
0.55;167
0.55;224
0.55;225
0.55;226
0.55;329
0.55;351
0.55;352
0.55;374
0.55;396
0.55;397
0.55;398
0.55;417
0.55;418
0.55;419
0.55;437
0.55;438
0.55;439
0.55;440
0.55;476
0.55;477
0.55;478
0.55;580
0.55;602
0.55;623
0.55;647
0.55;669
0.55;670
0.55;671
0.55;689
0.55;690
0.55;691
0.55;692
0.55;808
0.55;894
0.55;895
0.55;896
0.55;913
0.55;914
0.55;915
0.55;916
0.55;917
0.55;918
0.55;919
0.55;938
0.55;939
0.55;940
0.55;1082
0.55;1143
0.55;1355
0.55;1708
0.55;1709
0.55;2850
0.55;2851
0.55;2873
0.55;2874
0.55;2875
0.55;2876
0.55;2877
0.55;2894
0.55;2895
0.55;2896
0.55;2897
0.55;2898
0.55;3031
0.55;3282
0.55;3283
0.5483871;516
0.5483871;568
0.5483871;768
0.5483871;1340
0.5483871;1341
0.5483871;1342
0.5483871;1343
0.5483871;1344
0.5483871;2157
0.5483871;2158
0.5483871;2173
0.5483871;2174
0.5483871;2175
0.5483871;2176
0.5483871;2177
0.5483871;2178
0.5483871;2179
0.5483871;2194
0.5483871;2195
0.5483871;2196
0.5483871;2197
0.5483871;2198
0.5483871;2199
0.5483871;2200
0.5483871;2222
0.5483871;2223
0.5483871;2224
0.5483871;2225
0.5483871;2226
0.5483871;2264
0.5483871;2265
0.5483871;2266
0.5483871;2267
0.5483871;2268
0.5483871;3298
0.54761905;579
0.54761905;873
0.54761905;954
0.54761905;1081
0.54761905;1125
0.54761905;1354
0.54761905;1456
0.54716981;190
0.54716981;2269
0.54545455;198
0.54545455;450
0.54545455;563
0.54545455;564
0.54545455;565
0.54545455;566
0.54545455;567
0.54545455;578
0.54545455;813
0.54545455;814
0.54545455;872
0.54545455;1124
0.54545455;1529
0.54545455;1530
0.54545455;1531
0.54545455;1532
0.54545455;1533
0.54545455;1634
0.54545455;1635
0.54545455;1636
0.54545455;1637
0.54545455;1638
0.54545455;1779
0.54545455;1780
0.54545455;1905
0.54545455;1906
0.54545455;1921
0.54545455;1922
0.54545455;1923
0.54545455;1924
0.54545455;1925
0.54545455;1926
0.54545455;1927
0.54545455;1942
0.54545455;1943
0.54545455;1944
0.54545455;1945
0.54545455;1946
0.54545455;1947
0.54545455;1948
0.54545455;1991
0.54545455;1992
0.54545455;1993
0.54545455;1994
0.54545455;1995
0.54545455;2009
0.54545455;2010
0.54545455;2011
0.54545455;2031
0.54545455;2032
0.54545455;2304
0.54545455;2305
0.54545455;2327
0.54545455;2328
0.54545455;2329
0.54545455;2330
0.54545455;2331
0.54545455;2848
0.54545455;2915
0.54545455;2916
0.54545455;2917
0.54545455;2918
0.54545455;2919
0.54545455;2936
0.54545455;2937
0.54545455;2938
0.54545455;2939
0.54545455;2940
0.54545455;3026
0.54545455;3037
0.54545455;3272
0.54545455;3273
0.54545455;3274
0.54545455;3275
0.54545455;3276
0.54545455;3289
0.54545455;3310
0.54545455;3325
0.54545455;3624
0.54545455;3645
0.54347826;118
0.54285714;1085
0.54285714;1358
0.54285714;1380
0.54285714;1381
0.54285714;1401
0.54285714;1402
0.54285714;1653
0.54285714;1654
0.54285714;1669
0.54285714;1670
0.54285714;1671
0.54285714;1672
0.54285714;1673
0.54285714;1674
0.54285714;1675
0.54285714;1690
0.54285714;1691
0.54285714;1692
0.54285714;1693
0.54285714;1694
0.54285714;1695
0.54285714;1696
0.54285714;1732
0.54285714;1733
0.54285714;1734
0.54285714;1735
0.54285714;1736
0.54285714;1737
0.54285714;1738
0.54285714;1757
0.54285714;1758
0.54285714;1759
0.54166667;232
0.54166667;1025
0.54166667;1026
0.54166667;1027
0.54166667;1028
0.54166667;1029
0.54166667;1277
0.54166667;1278
0.54166667;1279
0.54166667;1280
0.54166667;1281
0.54166667;1777
0.54166667;2029
0.54166667;2302
0.54166667;2846
0.54166667;2868
0.54166667;2888
0.54166667;2889
0.54166667;3020
0.54166667;3021
0.54166667;3022
0.54166667;3023
0.54166667;3024
0.54166667;3029
0.54166667;3550
0.54054054;59
0.54054054;248
0.54054054;249
0.54054054;250
0.54054054;251
0.54054054;252
0.54054054;311
0.54054054;500
0.54054054;501
0.54054054;502
0.54054054;503
0.54054054;504
0.54054054;752
0.54054054;753
0.54054054;754
0.54054054;755
0.54054054;756
0.54054054;832
0.54054054;983
0.54054054;984
0.54054054;985
0.54054054;986
0.54054054;987
0.54054054;1004
0.54054054;1005
0.54054054;1006
0.54054054;1007
0.54054054;1008
0.54054054;1228
0.54054054;1229
0.54054054;1230
0.54054054;1231
0.54054054;1249
0.54054054;1250
0.54054054;1251
0.54054054;1252
0.54054054;1416
0.54054054;1501
0.54054054;1502
0.54054054;1503
0.54054054;1504
0.54054054;1958
0.54054054;1959
0.54054054;1960
0.54054054;1961
0.54054054;3046
0.54;2542
0.53846154;17
0.53846154;18
0.53846154;19
0.53846154;20
0.53846154;21
0.53846154;78
0.53846154;79
0.53846154;105
0.53846154;126
0.53846154;147
0.53846154;168
0.53846154;227
0.53846154;228
0.53846154;229
0.53846154;230
0.53846154;231
0.53846154;269
0.53846154;270
0.53846154;271
0.53846154;272
0.53846154;273
0.53846154;330
0.53846154;331
0.53846154;353
0.53846154;375
0.53846154;376
0.53846154;377
0.53846154;399
0.53846154;420
0.53846154;441
0.53846154;479
0.53846154;480
0.53846154;481
0.53846154;482
0.53846154;483
0.53846154;521
0.53846154;522
0.53846154;523
0.53846154;524
0.53846154;525
0.53846154;581
0.53846154;603
0.53846154;604
0.53846154;624
0.53846154;625
0.53846154;648
0.53846154;649
0.53846154;650
0.53846154;651
0.53846154;672
0.53846154;693
0.53846154;773
0.53846154;774
0.53846154;775
0.53846154;776
0.53846154;777
0.53846154;831
0.53846154;874
0.53846154;897
0.53846154;898
0.53846154;920
0.53846154;921
0.53846154;922
0.53846154;923
0.53846154;941
0.53846154;942
0.53846154;943
0.53846154;944
0.53846154;1126
0.53846154;1144
0.53846154;1145
0.53846154;1524
0.53846154;1775
0.53846154;2027
0.53846154;2300
0.53846154;2322
0.53846154;2411
0.53846154;2412
0.53846154;2413
0.53846154;2414
0.53846154;2415
0.53846154;2432
0.53846154;2433
0.53846154;2434
0.53846154;2435
0.53846154;2436
0.53846154;2453
0.53846154;2454
0.53846154;2455
0.53846154;2456
0.53846154;2457
0.53846154;2684
0.53846154;2685
0.53846154;2686
0.53846154;2687
0.53846154;2688
0.53846154;2705
0.53846154;2706
0.53846154;2707
0.53846154;2708
0.53846154;2709
0.53846154;2950
0.53846154;2951
0.53846154;2952
0.53846154;2953
0.53846154;2954
0.53846154;2955
0.53846154;2956
0.53846154;2971
0.53846154;2972
0.53846154;2973
0.53846154;2974
0.53846154;2975
0.53846154;2976
0.53846154;2977
0.53846154;3330
0.53846154;3340
0.53846154;3341
0.53846154;3342
0.53846154;3343
0.53846154;3344
0.53658537;182
0.53658537;183
0.53658537;184
0.53658537;703
0.53658537;704
0.53658537;705
0.53658537;706
0.53658537;830
0.53658537;852
0.53658537;1104
0.53658537;1206
0.53658537;1457
0.53571429;15
0.53571429;267
0.53571429;519
0.53571429;771
0.53571429;2290
0.53571429;2409
0.53571429;2467
0.53571429;2468
0.53571429;2469
0.53571429;2470
0.53571429;2471
0.53571429;2472
0.53571429;2473
0.53488372;178
0.53488372;179
0.53488372;180
0.53488372;181
0.53488372;829
0.53488372;851
0.53488372;1103
0.53333333;577
0.53333333;850
0.53333333;1102
0.53333333;2159
0.53333333;2160
0.53333333;2161
0.53333333;2162
0.53333333;2163
0.53333333;2180
0.53333333;2181
0.53333333;2182
0.53333333;2183
0.53333333;2184
0.53333333;2201
0.53333333;2202
0.53333333;2203
0.53333333;2204
0.53333333;2205
0.53225806;1261
0.53125;815
0.53125;816
0.53125;817
0.53125;818
0.53125;819
0.53125;1907
0.53125;1908
0.53125;1909
0.53125;1910
0.53125;1911
0.53125;1928
0.53125;1929
0.53125;1930
0.53125;1931
0.53125;1932
0.53125;1949
0.53125;1950
0.53125;1951
0.53125;1952
0.53125;1953
0.53125;2012
0.53125;2013
0.53125;2014
0.53125;2015
0.53125;2016
0.52941176;505
0.52941176;1086
0.52941176;1087
0.52941176;1359
0.52941176;1360
0.52941176;1382
0.52941176;1383
0.52941176;1384
0.52941176;1385
0.52941176;1386
0.52941176;1403
0.52941176;1404
0.52941176;1405
0.52941176;1406
0.52941176;1407
0.52941176;1655
0.52941176;1656
0.52941176;1657
0.52941176;1658
0.52941176;1659
0.52941176;1676
0.52941176;1677
0.52941176;1678
0.52941176;1679
0.52941176;1680
0.52941176;1697
0.52941176;1698
0.52941176;1699
0.52941176;1700
0.52941176;1701
0.52941176;1739
0.52941176;1740
0.52941176;1741
0.52941176;1742
0.52941176;1743
0.52941176;1760
0.52941176;1761
0.52941176;1762
0.52941176;1763
0.52941176;1764
0.52941176;3025
0.52941176;3533
0.52941176;3554
0.52857143;253
0.52777778;60
0.52777778;61
0.52777778;62
0.52777778;312
0.52777778;313
0.52777778;314
0.52777778;833
0.52777778;1232
0.52777778;1233
0.52777778;1234
0.52777778;1253
0.52777778;1254
0.52777778;1255
0.52777778;1417
0.52777778;1418
0.52777778;1419
0.52777778;1420
0.52777778;1421
0.52777778;1422
0.52777778;1423
0.52777778;1480
0.52777778;1481
0.52777778;1482
0.52777778;1483
0.52777778;1484
0.52777778;1485
0.52777778;1486
0.52777778;1505
0.52777778;1506
0.52777778;1507
0.52631579;80
0.52631579;332
0.52631579;354
0.52631579;355
0.52631579;356
0.52631579;378
0.52631579;582
0.52631579;583
0.52631579;605
0.52631579;626
0.52631579;853
0.52631579;875
0.52631579;899
0.52631579;900
0.52631579;901
0.52631579;902
0.52631579;903
0.52631579;924
0.52631579;945
0.52631579;1105
0.52631579;1127
0.52631579;1146
0.52631579;1147
0.52631579;1148
0.52631579;1164
0.52631579;1185
0.52631579;1437
0.52631579;1710
0.52631579;2852
0.52631579;2853
0.52631579;2854
0.52631579;2855
0.52631579;2856
0.52542373;1513
0.525;185
0.525;186
0.525;187
0.525;188
0.525;203
0.525;204
0.525;205
0.525;455
0.525;456
0.525;457
0.525;707
0.525;708
0.525;709
0.525;955
0.525;956
0.525;957
0.525;958
0.52380952;199
0.52380952;200
0.52380952;201
0.52380952;202
0.52380952;451
0.52380952;452
0.52380952;453
0.52380952;454
0.52380952;1781
0.52380952;1782
0.52380952;1783
0.52380952;1784
0.52380952;1785
0.52380952;2033
0.52380952;2034
0.52380952;2035
0.52380952;2036
0.52380952;2037
0.52380952;2306
0.52380952;2307
0.52380952;2308
0.52380952;2309
0.52380952;2310
0.52380952;3281
0.52173913;2847
0.52173913;3302
0.52112676;1
0.52;1776
0.52;2028
0.52;2301
0.52;2957
0.52;2958
0.52;2959
0.52;2960
0.52;2961
0.52;2978
0.52;2979
0.52;2980
0.52;2981
0.52;2982
0.52;3323
0.51851852;2474
0.51851852;2475
0.51851852;2476
0.51851852;2477
0.51851852;2478
0.515625;1009
0.51515152;757
0.51515152;1088
0.51515152;1089
0.51515152;1090
0.51515152;1091
0.51515152;1092
0.51515152;1361
0.51515152;1362
0.51515152;1363
0.51515152;1364
0.51515152;1365
0.51428571;63
0.51428571;315
0.51428571;834
0.51428571;835
0.51428571;1235
0.51428571;1236
0.51428571;1237
0.51428571;1238
0.51428571;1239
0.51428571;1256
0.51428571;1257
0.51428571;1258
0.51428571;1259
0.51428571;1260
0.51428571;1424
0.51428571;1425
0.51428571;1426
0.51428571;1427
0.51428571;1428
0.51428571;1487
0.51428571;1488
0.51428571;1489
0.51428571;1490
0.51428571;1491
0.51428571;1508
0.51428571;1509
0.51428571;1510
0.51428571;1511
0.51428571;1512
0.51428571;1962
0.51351351;81
0.51351351;82
0.51351351;83
0.51351351;333
0.51351351;334
0.51351351;335
0.51351351;357
0.51351351;584
0.51351351;606
0.51351351;607
0.51351351;608
0.51351351;609
0.51351351;627
0.51351351;628
0.51351351;629
0.51351351;630
0.51351351;854
0.51351351;876
0.51351351;877
0.51351351;1106
0.51351351;1128
0.51351351;1129
0.51351351;1149
0.51351351;1150
0.51351351;1165
0.51351351;1166
0.51351351;1167
0.51351351;1168
0.51351351;1169
0.51351351;1170
0.51351351;1171
0.51351351;1186
0.51351351;1187
0.51351351;1188
0.51351351;1189
0.51351351;1190
0.51351351;1191
0.51351351;1192
0.51351351;1438
0.51351351;1439
0.51351351;1440
0.51351351;1441
0.51351351;1442
0.51351351;1443
0.51351351;1444
0.51351351;1711
0.51351351;1712
0.51351351;1713
0.51351351;1714
0.51351351;1715
0.51351351;1716
0.51351351;1717
0.51282051;189
0.51282051;206
0.51282051;207
0.51282051;208
0.51282051;209
0.51282051;210
0.51282051;458
0.51282051;459
0.51282051;460
0.51282051;461
0.51282051;462
0.51282051;710
0.51282051;711
0.51282051;712
0.51282051;713
0.51282051;714
0.51282051;959
0.51282051;960
0.51282051;961
0.51282051;1207
0.51282051;1208
0.51282051;1209
0.51282051;1210
0.51282051;1458
0.50909091;2017
0.5;84
0.5;336
0.5;585
0.5;586
0.5;587
0.5;588
0.5;836
0.5;837
0.5;838
0.5;839
0.5;840
0.5;855
0.5;856
0.5;878
0.5;879
0.5;880
0.5;881
0.5;882
0.5;962
0.5;963
0.5;964
0.5;965
0.5;966
0.5;1107
0.5;1108
0.5;1130
0.5;1131
0.5;1132
0.5;1133
0.5;1134
0.5;1151
0.5;1152
0.5;1153
0.5;1154
0.5;1155
0.5;1172
0.5;1173
0.5;1174
0.5;1175
0.5;1176
0.5;1193
0.5;1194
0.5;1195
0.5;1196
0.5;1197
0.5;1211
0.5;1212
0.5;1213
0.5;1445
0.5;1446
0.5;1447
0.5;1448
0.5;1449
0.5;1459
0.5;1460
0.5;1461
0.5;1462
0.5;1463
0.5;1464
0.5;1465
0.5;1718
0.5;1719
0.5;1720
0.5;1721
0.5;1722
0.5;1765
0.5;1963
0.5;1964
0.5;1965
0.5;1966
0.5;1967
0.5;1968
0.5;1969
0.5;3036
0.5;3288
0.5;3309
0.5;3540
0.5;3545
0.5;3546
0.5;3547
0.5;3548
0.5;3549
0.5;3561
0.5;3566
0.5;3567
0.5;3568
0.5;3569
0.5;3570
0.48648649;1214
0.48648649;1215
0.48648649;1216
0.48648649;1217
0.48648649;1218
0.48648649;1466
0.48648649;1467
0.48648649;1468
0.48648649;1469
0.48648649;1470
0.48571429;857
0.48571429;858
0.48571429;859
0.48571429;860
0.48571429;861
0.48571429;1109
0.48571429;1110
0.48571429;1111
0.48571429;1112
0.48571429;1113
0.48484848;1970
0.48484848;1971
0.48484848;1972
0.48484848;1973
0.48484848;1974
