2000;0;0
1996;0;0
1986;0;0
1963;0;0
1910;0;0
2011;0;0
2014;0;0
2010;0;0
2000;0;0
1977;0;0
1924;0;0
1799;0;0
1506;0;0
1931;0;0
1933;0;0
1930;0;0
1922;0;0
1935;0;0
1937;0;0
1934;0;0
1939;0;0
1936;0;0
1928;0;0
1941;0;0
1938;0;0
1930;0;0
1943;0;0
1940;0;0
1945;0;0
1942;0;0
1934;0;0
1947;0;0
1949;0;0
1946;0;0
1938;0;0
1951;0;0
1948;0;0
1953;0;0
1950;0;0
1955;0;0
1957;0;0
1959;0;0
1961;0;0
1958;0;0
1963;0;0
1960;0;0
1965;0;0
1967;0;0
1964;0;0
1956;0;0
1969;0;0
1971;0;0
1968;0;0
1973;0;0
1970;0;0
1975;0;0
1972;0;0
1964;0;0
1977;0;0
1979;0;0
1976;0;0
1968;0;0
1951;0;0
1983;0;0
1980;0;0
1972;0;0
1985;0;0
1987;0;0
1989;0;0
1986;0;0
1978;0;0
1991;0;0
1988;0;0
1993;0;0
1990;0;0
1995;0;0
1997;0;0
1999;0;0
1996;0;0
1988;0;0
1971;0;0
2003;0;0
2006;0;0
2009;0;0
2012;0;0
2015;0;0
2018;0;0
2021;0;0
2017;0;0
2007;0;0
2025;0;0.27
2028;0;0.28
2031;0;0.28
2027;0;0.3
2017;0;0.3
1994;0;0.3
2037;0;0.31
2040;0;0.31
2036;0;0.31
2043;0;0.33
2046;0;0.34
2042;0;0.35
2049;0;0.35
2052;0;0.36
2055;0;0.36
2051;0;0.36
2058;0;0.36
2054;0;0.37
2061;0;0.37
2057;0;0.38
2064;0;0.38
2060;0;0.38
2050;0;0.38
2027;0;0.39
1974;0;0.4
2075;0;0.4
2078;0;0.41
2074;0;0.42
2064;0;0.42
2082;0;0.42
2085;0;0.42
2081;0;0.42
2071;0;0.42
2089;0;0.42
2085;0;0.43
2092;0;0.44
2088;0;0.44
2095;0;0.44
2091;0;0.45
2081;0;0.47
2058;0;0.47
2101;0;0.47
2104;0;0.48
2100;0;0.49
2090;0;0.49
2108;0;0.49
2111;0;0.5
2114;0;0.5
2110;0;0.5
2117;0;0.5
2113;0;0.5
2103;0;0.5
2080;0;0.51
2027;0;0.52
2128;0;0.52
2131;0;0.52
2134;0;0.52
2130;0;0.52
2120;0;0.52
2138;0;0.52
2141;0;0.52
2137;0;0.52
2144;0;0.52
2147;0;0.53
2143;0;0.53
2150;0;0.53
2153;0;0.53
2156;0;0.53
2152;0;0.54
2159;0;0.54
2162;0;0.54
2158;0;0.54
2148;0;0.53
2166;0;0.53
2162;0;0.53
2169;0;0.53
2172;0;0.54
2168;0;0.55
2158;0;0.54
2135;0;0.54
2178;0;0.54
2181;0;0.54
2177;0;0.54
2167;0;0.54
2144;0;0.54
2187;0;0.54
2190;0;0.54
2186;0;0.54
2193;0;0.54
2196;0;0.55
2199;0;0.55
2202;0;0.56
2198;0;0.56
2205;0;0.55
2208;0;0.55
2211;0;0.55
2214;0;0.55
2217;0;0.55
2213;0;0.55
2203;0;0.54
2180;0.53;0.53
2127;0.53;0.53
2228;0.53;0.53
2231;0.54;0.52
2227;0.55;0.52
2217;0.55;0.52
2194;0.55;0.53
2141;0.55;0.53
2242;0.54;0.53
2245;0.55;0.54
2241;0.55;0.54
2248;0.55;0.54
2251;0.55;0.54
2247;0.55;0.54
2237;0.55;0.53
2255;0.55;0.51
2251;0.56;0.51
2241;0.56;0.5
2218;0.55;0.5
2261;0.55;0.5
2257;0.55;0.5
2247;0.55;0.5
2224;0.56;0.5
2171;0.56;0.5
2046;0.56;0.5
1753;0.56;0.5
2178;0.56;0.51
2181;0.56;0.51
2177;0.56;0.52
2167;0.56;0.52
2185;0.5;0.51
2181;0.5;0.51
2188;0.5;0.51
2191;0.5;0.51
2194;0.5;0.52
2190;0.5;0.52
2180;0.5;0.52
2198;0.5;0.52
2194;0.5;0.52
2201;0.5;0.52
2204;0.5;0.53
2207;0.51;0.53
2203;0.52;0.53
2210;0.52;0.53
2206;0.52;0.54
2213;0.52;0.54
2209;0.52;0.54
2216;0.52;0.53
2219;0.52;0.53
2222;0.52;0.53
2225;0.52;0.54
2228;0.52;0.54
2224;0.53;0.54
2231;0.53;0.53
2227;0.53;0.54
2234;0.53;0.53
2237;0.53;0.54
2233;0.53;0.55
2223;0.53;0.55
2200;0.53;0.53
2147;0.53;0.53
2248;0.53;0.53
2244;0.53;0.53
2251;0.53;0.53
2254;0.53;0.53
2250;0.53;0.53
2240;0.52;0.53
2258;0.52;0.53
2254;0.52;0.53
2261;0.52;0.54
2264;0.52;0.55
2267;0.51;0.55
2263;0.51;0.55
2270;0.5;0.55
2266;0.51;0.55
2273;0.51;0.54
2276;0.51;0.55
2279;0.51;0.55
2275;0.51;0.55
2265;0.51;0.55
2242;0.5;0.55
2189;0.51;0.53
2290;0.5;0.53
2293;0.5;0.53
2296;0.51;0.53
2299;0.51;0.53
2295;0.52;0.53
2285;0.52;0.52
2303;0.51;0.52
2306;0.51;0.52
2302;0.52;0.52
2309;0.52;0.52
2312;0.52;0.52
2315;0.53;0.52
2318;0.53;0.52
2321;0.53;0.53
2317;0.53;0.53
2324;0.53;0.54
2320;0.53;0.54
2327;0.53;0.54
2323;0.53;0.54
2330;0.53;0.53
2333;0.53;0.53
2336;0.53;0.53
2332;0.54;0.51
2339;0.54;0.52
2342;0.55;0.52
2345;0.55;0.52
2341;0.55;0.52
2348;0.54;0.52
2351;0.55;0.52
2347;0.55;0.52
2354;0.54;0.52
2350;0.54;0.53
2340;0.54;0.52
2317;0.55;0.5
2360;0.55;0.5
2363;0.55;0.5
2366;0.56;0.5
2362;0.56;0.5
2369;0.56;0.5
2365;0.57;0.48
2372;0.56;0.48
2375;0.56;0.49
2371;0.56;0.49
2361;0.56;0.49
2379;0.56;0.49
2382;0.57;0.49
2378;0.58;0.49
2385;0.58;0.49
2388;0.59;0.49
2384;0.59;0.49
2391;0.59;0.49
2387;0.6;0.49
2394;0.6;0.49
2397;0.6;0.48
2400;0.6;0.48
2403;0.61;0.49
2399;0.61;0.49
2406;0.61;0.48
2402;0.61;0.48
2409;0.61;0.48
2412;0.61;0.48
2415;0.61;0.48
2411;0.61;0.49
2418;0.61;0.49
2421;0.62;0.49
2424;0.62;0.49
2427;0.63;0.49
2423;0.63;0.5
2430;0.63;0.5
2433;0.64;0.5
2429;0.65;0.5
2436;0.65;0.5
2439;0.66;0.5
2435;0.66;0.5
2425;0.66;0.5
2443;0.66;0.5
2439;0.66;0.5
2429;0.66;0.49
2406;0.66;0.45
2449;0.65;0.45
2445;0.66;0.45
2452;0.62;0.44
2455;0.63;0.43
2451;0.64;0.45
2458;0.64;0.45
2454;0.64;0.45
2461;0.63;0.45
2464;0.63;0.45
2460;0.64;0.45
2450;0.63;0.45
2468;0.64;0.45
2464;0.65;0.47
2454;0.64;0.47
2472;0.62;0.46
2475;0.62;0.46
2471;0.63;0.46
2478;0.63;0.46
2481;0.63;0.46
2477;0.63;0.46
2484;0.63;0.46
2480;0.63;0.46
2487;0.62;0.47
2490;0.62;0.47
2486;0.63;0.47
2493;0.62;0.48
2489;0.62;0.48
2496;0.62;0.48
2492;0.62;0.48
2499;0.61;0.48
2502;0.61;0.49
2497;0.61;0.49
2506;0.61;0.49
2510;0.61;0.5
2514;0.61;0.5
2518;0.61;0.5
2522;0.61;0.5
2517;0.61;0.5
2505;0.6;0.5
2477;0.6;0.49
2411;0.59;0.49
2255;0.58;0.49
2555;0.57;0.49
2559;0.57;0.49
2554;0.57;0.5
2563;0.57;0.49
2558;0.57;0.49
2546;0.57;0.49
2568;0.57;0.49
2572;0.57;0.49
2567;0.57;0.49
2576;0.57;0.48
2580;0.57;0.49
2584;0.57;0.5
2588;0.58;0.5
2583;0.58;0.51
2571;0.58;0.51
2593;0.58;0.51
2597;0.58;0.52
2601;0.58;0.52
2605;0.58;0.52
2600;0.58;0.53
2588;0.57;0.53
2560;0.57;0.53
2613;0.56;0.54
2617;0.55;0.55
2612;0.55;0.55
2600;0.55;0.54
2572;0.54;0.54
2625;0.53;0.52
2629;0.53;0.52
2624;0.54;0.52
2612;0.53;0.52
2584;0.51;0.52
2637;0.51;0.49
2641;0.52;0.49
2636;0.52;0.47
2645;0.51;0.48
2649;0.52;0.48
2653;0.52;0.48
2648;0.53;0.48
2657;0.53;0.48
2652;0.53;0.49
2640;0.53;0.48
2662;0.52;0.48
2657;0.52;0.49
2666;0.52;0.48
2670;0.52;0.48
2674;0.52;0.49
2678;0.52;0.5
2673;0.52;0.5
2661;0.52;0.5
2683;0.52;0.5
2678;0.52;0.5
2687;0.5;0.5
2682;0.5;0.5
2691;0.5;0.5
2686;0.5;0.51
2674;0.5;0.51
2696;0.5;0.5
2691;0.5;0.51
2700;0.51;0.51
2695;0.51;0.51
2683;0.51;0.5
2655;0.51;0.51
2589;0.51;0.51
2716;0.5;0.5
2720;0.47;0.5
2715;0.47;0.5
2724;0.47;0.5
2728;0.46;0.51
2723;0.46;0.51
2711;0.46;0.5
2733;0.46;0.5
2737;0.46;0.5
2741;0.46;0.5
2745;0.46;0.51
2749;0.46;0.51
2744;0.47;0.51
2732;0.48;0.5
2704;0.47;0.5
2638;0.47;0.49
2765;0.46;0.49
2769;0.46;0.49
2773;0.46;0.49
2768;0.45;0.5
2756;0.45;0.5
2778;0.45;0.51
2782;0.45;0.52
2786;0.45;0.53
2790;0.45;0.54
2794;0.45;0.54
2798;0.43;0.55
2793;0.43;0.56
2802;0.43;0.56
2806;0.43;0.56
2810;0.43;0.57
2805;0.43;0.58
2793;0.43;0.57
2765;0.46;0.59
2818;0.46;0.59
2822;0.46;0.6
2817;0.46;0.6
2826;0.46;0.6
2830;0.46;0.61
2834;0.45;0.62
2829;0.45;0.63
2817;0.45;0.62
2839;0.46;0.59
2834;0.46;0.59
2843;0.46;0.58
2838;0.46;0.58
2847;0.47;0.56
2842;0.47;0.57
2830;0.47;0.56
2852;0.47;0.56
2847;0.47;0.57
2835;0.47;0.57
2857;0.47;0.56
2852;0.47;0.56
2840;0.47;0.56
2812;0.47;0.56
2865;0.47;0.56
2860;0.47;0.57
2869;0.46;0.57
2873;0.47;0.57
2877;0.47;0.58
2881;0.48;0.59
2885;0.5;0.59
2880;0.5;0.59
2868;0.5;0.58
2840;0.5;0.57
2774;0.5;0.58
2901;0.48;0.55
2905;0.48;0.55
2909;0.48;0.55
2913;0.48;0.56
2908;0.48;0.57
2896;0.48;0.56
2918;0.46;0.56
2922;0.47;0.57
2926;0.47;0.57
2930;0.48;0.57
2934;0.48;0.57
2938;0.49;0.57
2942;0.49;0.58
2946;0.49;0.59
2950;0.49;0.59
2954;0.49;0.59
2949;0.49;0.59
2958;0.49;0.58
2953;0.49;0.58
2941;0.49;0.57
2963;0.5;0.57
2967;0.5;0.57
2971;0.51;0.57
2966;0.51;0.57
2954;0.51;0.57
2926;0.49;0.55
2979;0.49;0.54
2983;0.49;0.55
2987;0.49;0.56
2982;0.49;0.57
2970;0.49;0.57
2992;0.5;0.57
2996;0.51;0.57
3000;0.51;0.57
2994;0.51;0.58
2979;0.51;0.57
2945;0.51;0.59
3009;0.51;0.59
3003;0.51;0.59
3014;0.51;0.59
3008;0.52;0.59
2993;0.52;0.59
2959;0.53;0.58
2880;0.53;0.57
2693;0.53;0.58
3053;0.53;0.58
3057;0.53;0.58
3051;0.53;0.59
3062;0.53;0.58
3056;0.53;0.58
3041;0.51;0.57
3007;0.51;0.57
2928;0.5;0.57
2741;0.5;0.57
3101;0.49;0.58
3105;0.49;0.58
3099;0.49;0.58
3110;0.49;0.57
3114;0.49;0.57
3108;0.49;0.57
3093;0.49;0.56
3059;0.48;0.56
3123;0.49;0.56
3117;0.49;0.57
3102;0.49;0.57
3129;0.49;0.56
3123;0.49;0.54
3134;0.48;0.54
3138;0.49;0.54
3132;0.49;0.55
3143;0.48;0.55
3147;0.48;0.56
3151;0.48;0.56
3145;0.48;0.56
3130;0.48;0.56
3096;0.47;0.55
3160;0.48;0.54
3154;0.49;0.51
3139;0.49;0.5
3166;0.49;0.5
3160;0.5;0.48
3171;0.5;0.48
3175;0.51;0.48
3179;0.51;0.5
3183;0.52;0.5
3177;0.52;0.5
3188;0.52;0.48
3182;0.52;0.48
3193;0.52;0.48
3197;0.53;0.48
3201;0.53;0.48
3205;0.54;0.48
3209;0.54;0.47
3213;0.54;0.47
3217;0.54;0.47
3211;0.54;0.45
3222;0.54;0.45
3226;0.54;0.45
3220;0.55;0.45
3205;0.54;0.45
3232;0.54;0.45
3236;0.55;0.45
3230;0.56;0.44
3215;0.55;0.44
3242;0.57;0.45
3236;0.57;0.45
3247;0.56;0.45
3241;0.56;0.45
3226;0.56;0.46
3192;0.55;0.46
3113;0.54;0.46
2926;0.53;0.45
3286;0.53;0.45
3280;0.53;0.45
3265;0.52;0.45
3292;0.52;0.42
3286;0.52;0.44
3297;0.51;0.44
3301;0.51;0.44
3295;0.52;0.44
3306;0.51;0.44
3300;0.52;0.44
3285;0.52;0.44
3312;0.53;0.43
3306;0.54;0.44
3317;0.54;0.44
3321;0.55;0.44
3315;0.56;0.44
3326;0.55;0.43
3330;0.55;0.43
3324;0.56;0.45
3335;0.56;0.45
3329;0.56;0.45
3314;0.55;0.45
3341;0.54;0.45
3345;0.55;0.45
3349;0.55;0.45
3353;0.56;0.45
3357;0.56;0.45
3361;0.57;0.45
3365;0.58;0.45
3369;0.58;0.45
3363;0.58;0.45
3374;0.57;0.45
3368;0.57;0.45
3353;0.57;0.45
3380;0.56;0.46
3384;0.56;0.46
3378;0.57;0.46
3389;0.56;0.47
3383;0.57;0.49
3368;0.53;0.49
3334;0.52;0.49
3398;0.52;0.49
3402;0.52;0.5
3406;0.53;0.51
3410;0.54;0.51
3414;0.54;0.51
3408;0.54;0.51
3393;0.54;0.5
3420;0.54;0.49
3424;0.54;0.49
3428;0.54;0.49
3432;0.55;0.49
3426;0.56;0.49
3437;0.56;0.49
3441;0.56;0.49
3445;0.57;0.49
3449;0.57;0.49
3453;0.57;0.49
3457;0.58;0.49
3451;0.58;0.49
3436;0.58;0.51
3402;0.58;0.51
3466;0.57;0.51
3470;0.57;0.52
3464;0.57;0.53
3449;0.58;0.52
3415;0.58;0.52
3336;0.58;0.52
3488;0.58;0.49
3492;0.58;0.5
3496;0.58;0.51
3490;0.59;0.51
3475;0.58;0.51
3441;0.58;0.51
3505;0.58;0.51
3510;0.58;0.52
3503;0.58;0.52
3486;0.58;0.52
3517;0.58;0.53
3510;0.58;0.54
3523;0.58;0.54
3528;0.58;0.55
3521;0.58;0.55
3534;0.58;0.54
3527;0.58;0.54
3510;0.59;0.53
3471;0.59;0.52
3378;0.58;0.53
3160;0.57;0.53
2647;0.57;0.53
3390;0.58;0.53
3394;0.58;0.53
3398;0.59;0.53
3392;0.6;0.53
3403;0.6;0.53
3407;0.6;0.53
3401;0.6;0.53
3386;0.59;0.53
3413;0.59;0.53
3407;0.59;0.53
3418;0.59;0.52
3412;0.59;0.53
3397;0.59;0.54
3363;0.56;0.53
3427;0.57;0.52
3421;0.57;0.53
3406;0.57;0.53
3433;0.57;0.54
3437;0.57;0.54
3441;0.58;0.54
3435;0.59;0.54
3420;0.59;0.54
3386;0.59;0.52
3450;0.58;0.52
3454;0.58;0.52
3458;0.58;0.53
3462;0.58;0.53
3456;0.58;0.53
3467;0.57;0.53
3461;0.57;0.54
3472;0.56;0.54
3476;0.56;0.54
3480;0.56;0.54
3484;0.56;0.54
3478;0.56;0.54
3489;0.55;0.54
3493;0.56;0.54
3487;0.56;0.54
3498;0.56;0.53
3492;0.56;0.53
3503;0.56;0.53
3496;0.56;0.53
3509;0.56;0.53
3514;0.55;0.53
3507;0.55;0.53
3520;0.55;0.52
3525;0.55;0.53
3518;0.55;0.53
3531;0.55;0.53
3536;0.56;0.53
3541;0.57;0.53
3546;0.58;0.53
3539;0.58;0.53
3552;0.58;0.52
3545;0.58;0.52
3558;0.58;0.52
3563;0.58;0.52
3568;0.59;0.52
3561;0.59;0.53
3574;0.58;0.53
3567;0.58;0.54
3550;0.58;0.54
3581;0.58;0.53
3586;0.58;0.54
3591;0.58;0.54
3584;0.58;0.54
3567;0.57;0.54
3598;0.57;0.54
3591;0.57;0.54
3574;0.55;0.54
3535;0.55;0.54
3442;0.55;0.54
3224;0.54;0.54
3644;0.53;0.54
3637;0.53;0.54
3650;0.53;0.54
3643;0.53;0.54
3626;0.53;0.54
3587;0.53;0.54
3662;0.53;0.53
3655;0.54;0.53
3668;0.54;0.53
3673;0.55;0.54
3666;0.55;0.54
3679;0.55;0.53
3684;0.55;0.53
3677;0.55;0.54
3690;0.55;0.54
3695;0.56;0.54
3700;0.56;0.55
3705;0.56;0.55
3698;0.57;0.55
3711;0.56;0.55
3704;0.57;0.55
3687;0.57;0.55
3648;0.56;0.54
3555;0.56;0.53
3733;0.56;0.52
3726;0.57;0.52
3709;0.57;0.52
3740;0.58;0.51
3733;0.59;0.51
3716;0.59;0.51
3747;0.59;0.51
3752;0.6;0.51
3745;0.6;0.51
3758;0.6;0.51
3763;0.61;0.51
3768;0.61;0.51
3761;0.61;0.51
3744;0.61;0.51
3705;0.61;0.49
3612;0.61;0.5
3394;0.61;0.49
3814;0.6;0.5
3819;0.6;0.5
3824;0.6;0.51
3829;0.6;0.51
3822;0.6;0.51
3805;0.6;0.51
3836;0.6;0.52
3829;0.6;0.53
3842;0.6;0.53
3847;0.6;0.53
3852;0.6;0.53
3845;0.6;0.53
3828;0.59;0.53
3789;0.59;0.52
3864;0.6;0.52
3857;0.61;0.52
3870;0.61;0.52
3863;0.62;0.52
3846;0.63;0.52
3807;0.62;0.52
3882;0.62;0.52
3875;0.62;0.52
3858;0.62;0.52
3889;0.61;0.52
3882;0.61;0.52
3865;0.61;0.52
3896;0.61;0.52
3901;0.62;0.52
3906;0.62;0.53
3899;0.62;0.54
3912;0.62;0.54
3905;0.62;0.54
3918;0.62;0.53
3923;0.62;0.54
3928;0.62;0.54
3921;0.62;0.54
3934;0.62;0.54
3939;0.63;0.54
3932;0.63;0.55
3915;0.63;0.55
3876;0.62;0.55
3783;0.62;0.54
3565;0.6;0.53
3985;0.6;0.53
3978;0.6;0.53
3991;0.57;0.52
3984;0.57;0.52
3997;0.57;0.52
3990;0.57;0.52
4003;0.57;0.51
4009;0.57;0.51
4001;0.58;0.51
3982;0.58;0.51
4018;0.57;0.51
4024;0.57;0.52
4030;0.58;0.52
4022;0.58;0.52
4037;0.57;0.52
4029;0.57;0.52
4010;0.57;0.51
4046;0.57;0.5
4052;0.57;0.5
4044;0.57;0.5
4025;0.57;0.5
3980;0.56;0.5
4066;0.56;0.5
4072;0.57;0.51
4064;0.57;0.51
4079;0.57;0.5
4085;0.57;0.51
4077;0.57;0.52
4092;0.57;0.51
4098;0.57;0.51
4104;0.57;0.52
4110;0.57;0.53
4116;0.57;0.53
4122;0.57;0.53
4128;0.57;0.54
4134;0.58;0.54
4140;0.59;0.54
4132;0.59;0.54
4147;0.59;0.53
4153;0.59;0.54
4145;0.59;0.54
4126;0.58;0.54
4162;0.56;0.54
4154;0.56;0.54
4135;0.56;0.54
4090;0.56;0.53
3984;0.56;0.53
4187;0.55;0.53
4193;0.55;0.53
4185;0.54;0.54
4200;0.54;0.54
4206;0.54;0.55
4212;0.54;0.56
4204;0.54;0.57
4219;0.54;0.56
4225;0.55;0.56
4231;0.55;0.56
4223;0.55;0.57
4238;0.55;0.58
4244;0.55;0.58
4236;0.56;0.58
4251;0.56;0.58
4243;0.56;0.58
4224;0.55;0.58
4260;0.55;0.58
4252;0.55;0.59
4267;0.55;0.58
4273;0.53;0.59
4265;0.53;0.59
4246;0.53;0.59
4201;0.53;0.58
4287;0.53;0.58
4293;0.53;0.59
4299;0.54;0.6
4291;0.54;0.6
4306;0.54;0.59
4312;0.54;0.59
4304;0.54;0.59
4285;0.53;0.59
4321;0.53;0.58
4327;0.53;0.58
4333;0.53;0.58
4339;0.53;0.59
4331;0.53;0.6
4312;0.52;0.6
4348;0.52;0.6
4354;0.52;0.6
4346;0.52;0.61
4327;0.51;0.61
4282;0.51;0.6
4176;0.51;0.6
4379;0.52;0.59
4385;0.52;0.59
4391;0.52;0.6
4397;0.52;0.6
4389;0.52;0.6
4404;0.52;0.6
4396;0.52;0.61
4411;0.51;0.61
4417;0.51;0.62
4423;0.51;0.63
4415;0.51;0.64
4430;0.51;0.63
4436;0.52;0.63
4442;0.52;0.63
4448;0.53;0.63
4440;0.53;0.63
4455;0.53;0.63
4461;0.53;0.63
4467;0.53;0.63
4473;0.54;0.63
4479;0.54;0.63
4485;0.54;0.63
4477;0.54;0.63
4492;0.54;0.63
4498;0.54;0.63
4490;0.54;0.64
4471;0.54;0.64
4507;0.54;0.63
4514;0.55;0.63
4505;0.55;0.63
4522;0.54;0.62
4529;0.54;0.62
4536;0.54;0.62
4527;0.54;0.62
4544;0.54;0.62
4535;0.54;0.62
4513;0.55;0.61
4462;0.55;0.61
4559;0.55;0.6
4566;0.55;0.6
4557;0.56;0.6
4574;0.56;0.6
4565;0.56;0.6
4543;0.55;0.6
4584;0.56;0.59
4591;0.56;0.6
4582;0.56;0.6
4599;0.56;0.59
4606;0.57;0.59
4613;0.58;0.59
4620;0.59;0.59
4627;0.6;0.59
4618;0.6;0.59
4596;0.6;0.59
4545;0.59;0.59
4426;0.57;0.6
4654;0.57;0.6
4661;0.58;0.6
4652;0.58;0.6
4669;0.57;0.61
4660;0.58;0.61
4677;0.58;0.6
4684;0.59;0.6
4691;0.6;0.6
4698;0.6;0.61
4705;0.6;0.62
4696;0.6;0.62
4674;0.59;0.62
4715;0.59;0.61
4722;0.59;0.61
4729;0.59;0.61
4736;0.59;0.61
4743;0.59;0.62
4734;0.59;0.62
4751;0.59;0.61
4758;0.59;0.61
4765;0.59;0.62
4772;0.59;0.62
4763;0.59;0.62
4780;0.58;0.62
4787;0.58;0.62
4794;0.58;0.62
4801;0.59;0.62
4808;0.59;0.63
4799;0.59;0.63
4777;0.59;0.62
4818;0.59;0.61
4825;0.6;0.61
4832;0.6;0.62
4823;0.61;0.62
4801;0.61;0.62
4750;0.61;0.62
4847;0.6;0.62
4854;0.6;0.62
4861;0.6;0.62
4868;0.6;0.63
4875;0.6;0.63
4866;0.6;0.63
4883;0.6;0.62
4890;0.6;0.62
4881;0.6;0.63
4898;0.6;0.62
4905;0.6;0.62
4912;0.6;0.63
4919;0.6;0.63
4910;0.61;0.63
4888;0.6;0.63
4929;0.6;0.63
4920;0.6;0.63
4937;0.6;0.62
4944;0.61;0.62
4951;0.61;0.63
4958;0.61;0.63
4949;0.61;0.63
4966;0.61;0.62
4957;0.61;0.63
4974;0.61;0.63
4981;0.61;0.64
4988;0.61;0.64
4995;0.61;0.64
5002;0.61;0.65
5010;0.61;0.65
5000;0.61;0.65
4976;0.61;0.65
5021;0.61;0.62
5029;0.62;0.62
5037;0.62;0.63
5045;0.62;0.63
5053;0.62;0.63
5061;0.62;0.63
5051;0.62;0.63
5027;0.62;0.63
4971;0.62;0.63
5078;0.62;0.62
5068;0.62;0.63
5044;0.62;0.63
4988;0.62;0.63
5095;0.62;0.63
5103;0.63;0.63
5111;0.63;0.63
5119;0.64;0.63
5127;0.64;0.63
5135;0.64;0.58
5125;0.64;0.58
5144;0.64;0.58
5152;0.64;0.59
5160;0.64;0.6
5168;0.64;0.6
5176;0.64;0.6
5166;0.64;0.61
5185;0.64;0.61
5193;0.64;0.62
5183;0.64;0.63
5202;0.64;0.62
5210;0.64;0.62
5200;0.64;0.62
5219;0.64;0.61
5227;0.64;0.61
5235;0.64;0.62
5243;0.64;0.62
5251;0.64;0.62
5241;0.64;0.62
5217;0.63;0.62
5262;0.62;0.62
5252;0.62;0.63
5271;0.62;0.63
5279;0.62;0.63
5287;0.62;0.63
5295;0.62;0.64
5303;0.62;0.65
5311;0.62;0.65
5301;0.62;0.65
5320;0.62;0.64
5310;0.62;0.64
5286;0.62;0.64
5230;0.61;0.64
5098;0.62;0.63
4787;0.63;0.62
4054;0.63;0.62
5116;0.63;0.61
5124;0.63;0.61
5132;0.63;0.61
5122;0.63;0.62
5141;0.63;0.61
5149;0.63;0.61
5139;0.63;0.61
5158;0.62;0.61
5148;0.62;0.61
5167;0.62;0.61
5175;0.62;0.61
5183;0.62;0.61
5191;0.62;0.61
5199;0.62;0.61
5207;0.62;0.61
5197;0.62;0.61
5216;0.62;0.61
5206;0.63;0.61
5225;0.63;0.61
5233;0.63;0.61
5223;0.63;0.61
5199;0.63;0.61
5244;0.62;0.61
5234;0.62;0.6
5210;0.62;0.6
5255;0.62;0.6
5263;0.6;0.6
5253;0.6;0.6
5229;0.59;0.6
5274;0.6;0.6
5282;0.6;0.6
5290;0.6;0.6
5280;0.6;0.6
5299;0.59;0.6
5307;0.6;0.6
5315;0.6;0.6
5323;0.6;0.6
5331;0.6;0.61
5321;0.6;0.61
5340;0.59;0.61
5330;0.59;0.61
5306;0.59;0.61
5351;0.59;0.6
5359;0.59;0.6
5367;0.59;0.6
5357;0.59;0.6
5376;0.58;0.6
5384;0.58;0.6
5374;0.59;0.6
5350;0.59;0.6
5294;0.59;0.6
5162;0.59;0.59
5416;0.6;0.57
5424;0.61;0.57
5432;0.61;0.57
5440;0.61;0.57
5430;0.61;0.57
5449;0.61;0.56
5457;0.61;0.56
5447;0.61;0.56
5423;0.6;0.56
5367;0.6;0.55
5474;0.6;0.55
5482;0.61;0.56
5490;0.62;0.56
5498;0.62;0.56
5488;0.63;0.57
5507;0.62;0.58
5516;0.62;0.58
5505;0.62;0.58
5479;0.62;0.58
5529;0.62;0.57
5538;0.62;0.57
5547;0.62;0.57
5556;0.6;0.57
5545;0.6;0.57
5519;0.6;0.57
5569;0.6;0.58
5578;0.6;0.59
5567;0.6;0.6
5541;0.6;0.6
5591;0.59;0.61
5600;0.58;0.61
5589;0.58;0.61
5610;0.57;0.61
5599;0.57;0.61
5620;0.57;0.6
5629;0.57;0.6
5638;0.57;0.6
5647;0.57;0.61
5656;0.57;0.61
5665;0.58;0.61
5654;0.58;0.61
5675;0.58;0.6
5664;0.58;0.6
5685;0.58;0.59
5694;0.58;0.6
5703;0.58;0.6
5712;0.58;0.6
5721;0.58;0.6
5710;0.58;0.6
5731;0.57;0.6
5740;0.57;0.6
5729;0.58;0.6
5703;0.58;0.6
5753;0.58;0.6
5762;0.59;0.6
5751;0.59;0.6
5725;0.59;0.59
5775;0.58;0.59
5784;0.58;0.59
5793;0.59;0.59
5802;0.6;0.59
5791;0.6;0.59
5812;0.6;0.58
5801;0.6;0.58
5775;0.6;0.58
5713;0.6;0.58
5831;0.59;0.58
5840;0.59;0.58
5849;0.59;0.59
5838;0.59;0.6
5812;0.59;0.59
5750;0.57;0.55
5605;0.57;0.56
5884;0.57;0.55
5893;0.57;0.55
5902;0.58;0.55
5891;0.59;0.55
5912;0.59;0.54
5901;0.59;0.54
5922;0.59;0.53
5931;0.59;0.53
5920;0.59;0.53
5941;0.59;0.53
5930;0.6;0.53
5951;0.6;0.53
5940;0.6;0.54
5961;0.6;0.53
5970;0.59;0.53
5979;0.59;0.53
5968;0.59;0.53
5989;0.59;0.52
5978;0.59;0.53
5999;0.59;0.53
6008;0.59;0.53
6017;0.6;0.53
6026;0.6;0.53
6035;0.6;0.53
6023;0.6;0.53
5994;0.6;0.53
5927;0.59;0.53
6056;0.6;0.53
6065;0.6;0.53
6053;0.6;0.54
6076;0.59;0.54
6085;0.59;0.54
6094;0.59;0.49
6103;0.59;0.48
6091;0.59;0.48
6062;0.59;0.48
6116;0.53;0.46
6104;0.53;0.46
6127;0.54;0.46
6115;0.54;0.48
6138;0.54;0.48
6147;0.55;0.5
6135;0.56;0.5
6158;0.54;0.5
6167;0.54;0.51
6176;0.54;0.51
6185;0.54;0.52
6173;0.54;0.53
6196;0.54;0.53
6205;0.51;0.53
6214;0.51;0.54
6202;0.51;0.54
6173;0.51;0.54
6227;0.51;0.55
6215;0.51;0.55
6238;0.51;0.55
6226;0.51;0.55
6249;0.52;0.53
6237;0.52;0.54
6208;0.52;0.53
6141;0.51;0.54
6270;0.51;0.53
6279;0.51;0.53
6288;0.52;0.53
6297;0.52;0.54
6285;0.52;0.54
6308;0.52;0.53
6296;0.52;0.53
6319;0.51;0.53
6307;0.5;0.54
6278;0.51;0.53
6332;0.52;0.54
6341;0.52;0.55
6329;0.52;0.56
6300;0.52;0.56
6354;0.53;0.54
6342;0.53;0.55
6313;0.53;0.55
6367;0.53;0.54
6355;0.53;0.55
6378;0.53;0.52
6366;0.53;0.53
6389;0.52;0.52
6398;0.52;0.52
6407;0.52;0.52
6395;0.52;0.53
6418;0.52;0.53
6427;0.52;0.53
6415;0.52;0.54
6438;0.52;0.53
6426;0.52;0.53
6449;0.52;0.54
6458;0.51;0.55
6467;0.51;0.56
6476;0.51;0.57
6464;0.51;0.58
6487;0.51;0.57
6496;0.52;0.58
6505;0.52;0.59
6492;0.52;0.6
6461;0.52;0.6
6388;0.52;0.61
6528;0.52;0.6
6515;0.52;0.6
6484;0.52;0.59
6543;0.52;0.59
6553;0.52;0.59
6540;0.5;0.59
6565;0.5;0.58
6552;0.51;0.58
6577;0.52;0.57
6587;0.52;0.57
6597;0.53;0.57
6607;0.53;0.57
6617;0.53;0.57
6627;0.53;0.57
6637;0.53;0.57
6647;0.54;0.57
6657;0.54;0.58
6644;0.54;0.59
6613;0.53;0.59
6672;0.52;0.59
6682;0.52;0.59
6669;0.52;0.59
6694;0.52;0.58
6704;0.52;0.59
6714;0.52;0.59
6724;0.52;0.6
6711;0.52;0.61
6680;0.52;0.6
6607;0.51;0.6
6747;0.52;0.6
6734;0.52;0.61
6759;0.49;0.6
6769;0.49;0.61
6779;0.49;0.61
6789;0.5;0.61
6776;0.5;0.61
6801;0.5;0.6
6811;0.5;0.6
6798;0.5;0.61
6823;0.53;0.6
6833;0.53;0.61
6820;0.53;0.61
6845;0.53;0.6
6832;0.51;0.61
6801;0.52;0.6
6860;0.52;0.6
6847;0.51;0.61
6816;0.51;0.6
6743;0.51;0.59
6883;0.54;0.58
6870;0.55;0.58
6895;0.54;0.58
6882;0.54;0.58
6851;0.54;0.58
6778;0.54;0.58
6607;0.54;0.58
6937;0.54;0.57
6924;0.54;0.58
6949;0.54;0.58
6936;0.54;0.59
6961;0.54;0.58
6948;0.54;0.58
6973;0.54;0.57
6983;0.54;0.57
6970;0.55;0.57
6939;0.54;0.57
6998;0.54;0.57
7008;0.54;0.58
7019;0.54;0.58
7030;0.54;0.58
7016;0.54;0.58
6982;0.54;0.58
6904;0.54;0.58
6719;0.54;0.58
6284;0.51;0.58
7124;0.51;0.58
7135;0.5;0.59
7121;0.5;0.6
7087;0.5;0.6
7009;0.5;0.59
7159;0.51;0.57
7170;0.51;0.57
7181;0.51;0.57
7192;0.51;0.57
7203;0.51;0.57
7214;0.51;0.57
7225;0.51;0.57
7236;0.51;0.57
7247;0.49;0.58
7258;0.49;0.58
7269;0.49;0.58
7280;0.49;0.58
7291;0.49;0.58
7302;0.49;0.59
7313;0.48;0.6
7299;0.48;0.6
7326;0.48;0.59
7337;0.48;0.6
7348;0.48;0.6
7334;0.48;0.61
7300;0.48;0.61
7363;0.49;0.61
7349;0.49;0.61
7315;0.49;0.61
7378;0.49;0.61
7389;0.5;0.61
7375;0.51;0.61
7341;0.51;0.61
7404;0.51;0.61
7390;0.51;0.61
7356;0.51;0.6
7419;0.51;0.6
7405;0.51;0.6
7432;0.51;0.6
7418;0.51;0.6
7384;0.51;0.6
7447;0.5;0.6
7458;0.5;0.6
7469;0.5;0.6
7480;0.5;0.61
7466;0.5;0.61
7432;0.5;0.61
7495;0.5;0.6
7481;0.51;0.6
7447;0.51;0.61
7369;0.51;0.61
7184;0.51;0.6
7540;0.51;0.59
7552;0.51;0.6
7537;0.51;0.61
7566;0.51;0.6
7551;0.51;0.6
7515;0.5;0.6
7583;0.5;0.6
7568;0.5;0.6
7597;0.5;0.59
7609;0.5;0.59
7621;0.5;0.6
7606;0.5;0.61
7635;0.5;0.6
7647;0.5;0.6
7659;0.5;0.61
7671;0.5;0.61
7683;0.5;0.62
7668;0.51;0.62
7697;0.51;0.61
7682;0.52;0.61
7646;0.52;0.62
7714;0.52;0.62
7726;0.52;0.62
7711;0.52;0.62
7740;0.52;0.62
7752;0.52;0.62
7764;0.53;0.62
7776;0.54;0.62
7788;0.54;0.62
7773;0.54;0.62
7802;0.53;0.62
7814;0.53;0.62
7826;0.53;0.62
7838;0.53;0.62
7823;0.53;0.62
7852;0.52;0.62
7864;0.53;0.62
7849;0.53;0.62
7878;0.53;0.62
7890;0.53;0.63
7902;0.54;0.63
7914;0.54;0.63
7926;0.54;0.63
7938;0.54;0.63
7923;0.54;0.64
7887;0.54;0.64
7803;0.54;0.63
7605;0.53;0.63
7139;0.53;0.62
8039;0.53;0.62
8052;0.53;0.63
8065;0.53;0.64
8049;0.53;0.65
8079;0.53;0.64
8092;0.53;0.65
8105;0.53;0.66
8089;0.53;0.66
8051;0.52;0.66
7961;0.52;0.65
8133;0.52;0.64
8146;0.5;0.64
8159;0.5;0.64
8143;0.51;0.64
8105;0.5;0.64
8015;0.49;0.64
8187;0.49;0.63
8200;0.49;0.63
8213;0.5;0.63
8226;0.5;0.63
8239;0.5;0.63
8223;0.5;0.63
8185;0.5;0.62
8258;0.5;0.61
8271;0.51;0.61
8284;0.51;0.61
8268;0.51;0.61
8298;0.5;0.61
8282;0.5;0.61
8312;0.5;0.61
8296;0.51;0.59
8258;0.5;0.59
8331;0.49;0.58
8344;0.49;0.59
8357;0.49;0.6
8370;0.5;0.61
8383;0.5;0.61
8396;0.51;0.61
8409;0.52;0.61
8422;0.53;0.61
8435;0.53;0.61
8419;0.53;0.61
8381;0.53;0.61
8291;0.52;0.61
8463;0.52;0.61
8447;0.52;0.62
8477;0.52;0.59
8490;0.53;0.59
8503;0.53;0.59
8516;0.53;0.59
8499;0.54;0.59
8531;0.54;0.59
8514;0.54;0.6
8473;0.54;0.6
8550;0.54;0.6
8563;0.54;0.61
8576;0.55;0.61
8589;0.55;0.61
8602;0.55;0.61
8585;0.55;0.62
8544;0.55;0.62
8621;0.55;0.62
8604;0.56;0.62
8636;0.56;0.62
8649;0.56;0.63
8632;0.56;0.63
8664;0.55;0.63
8677;0.55;0.64
8660;0.55;0.65
8619;0.55;0.65
8696;0.55;0.65
8709;0.55;0.65
8722;0.56;0.65
8735;0.56;0.66
8748;0.56;0.66
8761;0.56;0.66
8744;0.56;0.66
8703;0.56;0.66
8608;0.56;0.67
8384;0.56;0.67
7856;0.55;0.67
6611;0.56;0.67
8417;0.56;0.67
8401;0.57;0.67
8363;0.57;0.66
8273;0.57;0.66
8445;0.57;0.66
8458;0.58;0.66
8471;0.59;0.66
8484;0.59;0.66
8497;0.6;0.66
8510;0.6;0.66
8493;0.6;0.66
8452;0.6;0.65
8529;0.6;0.64
8512;0.6;0.64
8471;0.6;0.64
8376;0.6;0.59
8152;0.57;0.58
7624;0.56;0.58
8644;0.56;0.57
8627;0.56;0.57
8659;0.56;0.57
8672;0.56;0.57
8655;0.57;0.57
8687;0.56;0.57
8700;0.56;0.56
8713;0.56;0.56
8726;0.57;0.56
8709;0.57;0.57
8741;0.56;0.57
8724;0.56;0.57
8756;0.56;0.56
8769;0.57;0.56
8782;0.57;0.56
8765;0.57;0.57
8797;0.57;0.57
8780;0.57;0.57
8812;0.56;0.57
8825;0.56;0.57
8838;0.57;0.57
8851;0.58;0.54
8864;0.59;0.54
8847;0.59;0.54
8806;0.58;0.54
8711;0.59;0.54
8894;0.59;0.54
8877;0.6;0.54
8836;0.61;0.54
8913;0.6;0.54
8926;0.61;0.54
8939;0.62;0.54
8952;0.62;0.54
8935;0.63;0.54
8894;0.62;0.54
8971;0.61;0.51
8984;0.61;0.51
8967;0.62;0.51
8999;0.61;0.51
9012;0.61;0.52
9026;0.62;0.52
9008;0.63;0.54
8965;0.63;0.54
9047;0.6;0.53
9061;0.61;0.53
9075;0.62;0.52
9089;0.62;0.52
9071;0.63;0.52
9105;0.63;0.52
9087;0.64;0.52
9121;0.64;0.52
9135;0.64;0.52
9149;0.64;0.52
9163;0.65;0.52
9177;0.65;0.52
9191;0.65;0.52
9205;0.65;0.49
9219;0.66;0.49
9233;0.66;0.49
9247;0.67;0.49
9261;0.67;0.49
9243;0.68;0.43
9277;0.67;0.43
9291;0.68;0.43
9273;0.68;0.43
9307;0.67;0.43
9289;0.67;0.43
9323;0.68;0.43
9337;0.68;0.43
9319;0.68;0.43
9353;0.68;0.43
9367;0.68;0.42
9349;0.69;0.42
9383;0.68;0.42
9365;0.68;0.42
9399;0.67;0.42
9381;0.67;0.42
9415;0.66;0.42
9429;0.66;0.42
9411;0.67;0.43
9445;0.67;0.43
9427;0.68;0.43
9461;0.68;0.43
9475;0.69;0.43
9489;0.69;0.43
9503;0.7;0.42
9518;0.7;0.42
9499;0.71;0.42
9454;0.7;0.42
9348;0.66;0.47
9098;0.66;0.45
9581;0.65;0.45
9596;0.65;0.45
9611;0.65;0.45
9592;0.65;0.45
9547;0.64;0.45
9633;0.64;0.44
9648;0.64;0.44
9663;0.65;0.44
9678;0.65;0.44
9659;0.66;0.44
9695;0.66;0.45
9710;0.66;0.45
9725;0.66;0.45
9706;0.67;0.45
9742;0.66;0.45
9757;0.66;0.45
9772;0.66;0.47
9753;0.66;0.48
9789;0.66;0.48
9770;0.67;0.48
9806;0.66;0.48
9821;0.66;0.48
9802;0.67;0.48
9757;0.66;0.48
9843;0.62;0.49
9858;0.62;0.49
9839;0.63;0.5
9875;0.62;0.5
9890;0.62;0.5
9871;0.62;0.5
9907;0.61;0.51
9922;0.61;0.51
9903;0.61;0.5
9939;0.6;0.49
9920;0.6;0.49
9956;0.59;0.5
9937;0.59;0.5
9973;0.58;0.45
9988;0.59;0.45
10003;0.59;0.45
9983;0.59;0.47
9935;0.59;0.47
9823;0.52;0.42
9560;0.51;0.42
10068;0.51;0.43
10048;0.52;0.44
10086;0.53;0.44
10066;0.52;0.45
10018;0.54;0.45
9906;0.56;0.46
9643;0.57;0.46
9022;0.57;0.45
10222;0.57;0.44
10238;0.56;0.44
10254;0.56;0.44
10234;0.56;0.45
10186;0.56;0.45
10277;0.54;0.43
10293;0.55;0.44
10309;0.55;0.43
10289;0.54;0.44
10327;0.55;0.41
10343;0.55;0.42
10323;0.55;0.42
10275;0.55;0.42
10163;0.55;0.42
10378;0.55;0.42
10394;0.55;0.43
10374;0.55;0.44
10412;0.55;0.44
10428;0.55;0.44
10444;0.55;0.44
10460;0.55;0.45
10440;0.55;0.45
10478;0.55;0.45
10494;0.55;0.46
10510;0.55;0.46
10527;0.55;0.47
10506;0.55;0.47
10456;0.55;0.47
10551;0.53;0.48
10568;0.53;0.48
10585;0.53;0.49
10564;0.53;0.49
10604;0.53;0.49
10583;0.51;0.49
10533;0.51;0.49
10416;0.51;0.49
10139;0.52;0.49
10673;0.52;0.49
10690;0.52;0.5
10669;0.52;0.5
10619;0.52;0.5
10502;0.52;0.5
10728;0.52;0.5
10707;0.52;0.51
10747;0.52;0.51
10726;0.52;0.51
10676;0.52;0.53
10559;0.52;0.52
10282;0.51;0.52
9630;0.51;0.51
8092;0.51;0.51
10323;0.51;0.51
10339;0.5;0.52
10355;0.5;0.53
10371;0.5;0.54
10387;0.5;0.54
10403;0.5;0.54
10383;0.5;0.54
10421;0.49;0.53
10437;0.5;0.53
10453;0.5;0.54
10433;0.5;0.54
10385;0.5;0.53
10273;0.51;0.55
10010;0.51;0.56
9389;0.51;0.55
10589;0.51;0.55
10606;0.51;0.56
10585;0.51;0.56
10625;0.51;0.55
10642;0.51;0.55
10621;0.46;0.56
10661;0.47;0.56
10678;0.47;0.56
10657;0.47;0.56
10697;0.5;0.53
10676;0.5;0.53
10716;0.5;0.51
10695;0.5;0.51
10645;0.5;0.51
10528;0.5;0.5
10251;0.51;0.51
9599;0.5;0.51
8061;0.5;0.51
10292;0.51;0.52
10272;0.51;0.52
10224;0.51;0.54
10112;0.51;0.53
10327;0.51;0.53
10307;0.52;0.53
10345;0.52;0.53
10361;0.52;0.53
10341;0.53;0.53
10379;0.53;0.53
10395;0.53;0.53
10411;0.53;0.53
10391;0.54;0.53
10429;0.54;0.54
10445;0.54;0.54
10425;0.54;0.54
10377;0.54;0.54
10265;0.54;0.51
10002;0.54;0.51
10510;0.53;0.51
10527;0.53;0.52
10506;0.53;0.52
10546;0.53;0.52
10525;0.53;0.52
10475;0.54;0.48
10570;0.53;0.49
10587;0.53;0.5
10604;0.53;0.5
10621;0.54;0.5
10638;0.54;0.5
10617;0.55;0.5
10657;0.55;0.5
10636;0.56;0.5
10586;0.56;0.5
10469;0.56;0.5
10695;0.57;0.5
10712;0.58;0.5
10691;0.58;0.5
10641;0.58;0.5
10524;0.58;0.49
10750;0.57;0.49
10729;0.58;0.49
10679;0.59;0.49
10562;0.58;0.49
10285;0.57;0.5
10819;0.57;0.5
10836;0.57;0.5
10853;0.57;0.5
10870;0.57;0.51
10849;0.57;0.51
10889;0.57;0.51
10868;0.57;0.51
10908;0.57;0.51
10887;0.57;0.51
10927;0.58;0.51
10906;0.58;0.52
10946;0.58;0.52
10963;0.58;0.52
10980;0.58;0.52
10997;0.58;0.53
10976;0.59;0.53
10926;0.58;0.53
10809;0.58;0.53
10532;0.58;0.52
9880;0.59;0.52
8342;0.58;0.52
5620;0.58;0.52
9569;0.58;0.51
9550;0.58;0.51
9505;0.58;0.5
9591;0.58;0.5
9606;0.58;0.49
9587;0.58;0.5
9542;0.58;0.5
9436;0.56;0.5
9640;0.56;0.5
9655;0.57;0.5
9670;0.58;0.5
9651;0.59;0.51
9687;0.59;0.51
9702;0.59;0.51
9717;0.59;0.52
9732;0.6;0.52
9747;0.6;0.52
9762;0.6;0.53
9777;0.6;0.54
9758;0.61;0.54
9794;0.61;0.54
9809;0.61;0.54
9824;0.62;0.54
9839;0.63;0.54
9854;0.64;0.54
9869;0.64;0.54
9884;0.64;0.55
9899;0.64;0.55
9880;0.64;0.55
9916;0.64;0.54
9931;0.64;0.54
9946;0.64;0.55
9927;0.64;0.55
9963;0.63;0.55
9978;0.63;0.55
9959;0.64;0.55
9914;0.64;0.54
9808;0.64;0.54
10012;0.63;0.54
9992;0.64;0.54
10030;0.63;0.53
10046;0.63;0.53
10062;0.63;0.53
10078;0.63;0.53
10094;0.63;0.53
10110;0.64;0.53
10126;0.65;0.54
10106;0.65;0.54
10144;0.64;0.54
10160;0.65;0.54
10176;0.66;0.54
10156;0.66;0.54
10194;0.66;0.54
10210;0.66;0.54
10190;0.66;0.55
10228;0.66;0.55
10244;0.66;0.56
10224;0.66;0.56
10262;0.66;0.56
10278;0.66;0.56
10258;0.66;0.56
10210;0.65;0.56
10301;0.64;0.56
10281;0.64;0.57
10233;0.63;0.56
10324;0.63;0.57
10340;0.63;0.57
10356;0.63;0.57
10336;0.63;0.57
10288;0.63;0.57
10176;0.62;0.57
9913;0.63;0.56
10421;0.63;0.57
10401;0.64;0.57
10353;0.64;0.57
10241;0.62;0.56
10456;0.62;0.55
10436;0.62;0.56
10474;0.59;0.57
10454;0.59;0.58
10492;0.58;0.58
10508;0.59;0.58
10487;0.59;0.58
10527;0.59;0.58
10544;0.59;0.58
10523;0.59;0.58
10473;0.58;0.58
10356;0.58;0.57
10079;0.58;0.58
10613;0.58;0.57
10592;0.58;0.57
10632;0.58;0.57
10649;0.59;0.58
10666;0.59;0.59
10645;0.59;0.59
10685;0.59;0.58
10702;0.59;0.58
10719;0.59;0.58
10736;0.59;0.58
10715;0.6;0.58
10755;0.6;0.58
10772;0.6;0.58
10751;0.61;0.58
10701;0.61;0.57
10796;0.6;0.57
10775;0.61;0.57
10815;0.6;0.57
10832;0.6;0.57
10811;0.59;0.58
10851;0.59;0.58
10830;0.59;0.58
10870;0.58;0.58
10849;0.59;0.58
10889;0.58;0.58
10906;0.58;0.59
10923;0.57;0.6
10902;0.57;0.6
10942;0.57;0.59
10959;0.57;0.6
10938;0.57;0.6
10978;0.57;0.6
10957;0.57;0.6
10907;0.57;0.6
11002;0.57;0.6
11020;0.57;0.61
11038;0.57;0.61
11056;0.57;0.62
11034;0.57;0.63
11076;0.56;0.63
11094;0.56;0.63
11072;0.56;0.63
11020;0.56;0.62
11120;0.56;0.62
11138;0.57;0.62
11116;0.57;0.62
11158;0.57;0.62
11136;0.58;0.62
11084;0.58;0.61
10961;0.58;0.59
10671;0.58;0.59
11230;0.58;0.58
11208;0.58;0.58
11156;0.58;0.57
11033;0.57;0.57
11270;0.56;0.57
11288;0.56;0.58
11266;0.54;0.58
11308;0.54;0.57
11326;0.54;0.57
11304;0.54;0.58
11346;0.55;0.58
11324;0.55;0.58
11366;0.55;0.58
11344;0.55;0.58
11386;0.54;0.58
11364;0.54;0.58
11406;0.53;0.59
11384;0.53;0.59
11332;0.53;0.59
11209;0.53;0.59
10919;0.53;0.58
10236;0.49;0.58
8625;0.49;0.58
10962;0.51;0.58
10979;0.52;0.58
10958;0.52;0.58
10998;0.52;0.58
11015;0.51;0.59
11033;0.51;0.59
11011;0.51;0.6
11053;0.51;0.59
11031;0.51;0.59
11073;0.51;0.6
11051;0.51;0.6
11093;0.51;0.6
11071;0.51;0.61
11019;0.52;0.61
10896;0.52;0.61
11133;0.52;0.61
11151;0.55;0.62
11129;0.55;0.63
11171;0.55;0.62
11189;0.55;0.63
11207;0.56;0.63
11185;0.56;0.63
11227;0.56;0.62
11205;0.56;0.62
11247;0.56;0.62
11265;0.56;0.63
11243;0.55;0.63
11285;0.55;0.62
11303;0.55;0.63
11321;0.56;0.63
11299;0.55;0.64
11247;0.55;0.63
11124;0.58;0.62
10834;0.58;0.61
10151;0.58;0.62
8540;0.58;0.61
5689;0.58;0.6
9826;0.57;0.61
9841;0.57;0.61
9856;0.57;0.61
9837;0.57;0.61
9873;0.57;0.6
9888;0.58;0.61
9903;0.58;0.61
9918;0.58;0.61
9899;0.58;0.61
9935;0.58;0.61
9950;0.58;0.61
9931;0.58;0.61
9886;0.58;0.6
9972;0.58;0.59
9987;0.59;0.59
9968;0.59;0.6
9923;0.59;0.6
9817;0.58;0.6
9567;0.58;0.6
10050;0.58;0.59
10030;0.58;0.6
10068;0.58;0.59
10084;0.58;0.6
10064;0.58;0.6
10102;0.58;0.6
10118;0.58;0.6
10098;0.58;0.6
10136;0.58;0.6
10152;0.58;0.6
10168;0.56;0.6
10148;0.57;0.6
10100;0.57;0.6
10191;0.57;0.59
10207;0.57;0.6
10187;0.57;0.61
10139;0.57;0.61
10027;0.57;0.61
10242;0.57;0.61
10222;0.57;0.6
10260;0.57;0.6
10240;0.56;0.61
10278;0.56;0.61
10294;0.56;0.61
10274;0.56;0.61
10312;0.56;0.61
10292;0.56;0.62
10330;0.55;0.6
10310;0.55;0.61
10348;0.55;0.61
10364;0.56;0.61
10380;0.56;0.61
10396;0.56;0.61
10412;0.56;0.61
10428;0.57;0.61
10444;0.57;0.62
10460;0.57;0.62
10476;0.57;0.62
10492;0.57;0.63
10472;0.57;0.63
10510;0.56;0.63
10527;0.57;0.63
10506;0.57;0.63
10456;0.57;0.63
10339;0.57;0.62
10565;0.58;0.63
10544;0.59;0.63
10584;0.58;0.63
10601;0.58;0.63
10618;0.58;0.64
10635;0.58;0.64
10652;0.58;0.65
10631;0.58;0.66
10581;0.58;0.65
10676;0.58;0.64
10693;0.58;0.64
10710;0.58;0.64
10727;0.58;0.64
10706;0.58;0.64
10746;0.58;0.63
10763;0.59;0.63
10742;0.59;0.61
10782;0.58;0.61
10799;0.58;0.62
10816;0.58;0.62
10833;0.58;0.62
10812;0.59;0.62
10762;0.59;0.61
10857;0.59;0.6
10874;0.6;0.6
10853;0.6;0.61
10893;0.59;0.59
10872;0.6;0.59
10912;0.59;0.6
10929;0.59;0.6
10946;0.59;0.6
10963;0.59;0.61
10980;0.59;0.61
10997;0.59;0.62
10976;0.59;0.63
10926;0.59;0.62
10809;0.59;0.62
10532;0.58;0.62
11066;0.57;0.63
11084;0.57;0.63
11062;0.57;0.63
11010;0.57;0.62
11110;0.55;0.62
11128;0.55;0.62
11106;0.56;0.62
11054;0.55;0.62
11154;0.55;0.62
11172;0.55;0.62
11150;0.55;0.62
11192;0.55;0.62
11170;0.56;0.62
11212;0.56;0.62
11230;0.56;0.62
11248;0.56;0.62
11266;0.56;0.63
11284;0.56;0.63
11262;0.56;0.64
11304;0.53;0.64
11322;0.53;0.64
11300;0.53;0.64
11342;0.52;0.64
11360;0.52;0.64
11378;0.52;0.64
11396;0.53;0.64
11414;0.53;0.64
11392;0.53;0.64
11434;0.52;0.64
11452;0.52;0.64
11430;0.53;0.64
11472;0.53;0.64
11450;0.54;0.64
11492;0.54;0.64
11470;0.54;0.65
11512;0.54;0.64
11530;0.54;0.64
11507;0.54;0.64
11551;0.54;0.64
11569;0.54;0.64
11587;0.54;0.64
11564;0.54;0.64
11608;0.54;0.64
11626;0.55;0.64
11603;0.55;0.65
11647;0.55;0.64
11665;0.56;0.64
11642;0.56;0.64
11686;0.56;0.63
11663;0.56;0.63
11608;0.56;0.63
11479;0.56;0.63
11726;0.57;0.62
11744;0.57;0.62
11762;0.57;0.62
11780;0.57;0.62
11757;0.57;0.62
11801;0.57;0.62
11778;0.57;0.63
11723;0.57;0.62
11594;0.57;0.62
11291;0.56;0.63
11876;0.57;0.62
11894;0.57;0.63
11871;0.57;0.63
11816;0.57;0.62
11687;0.57;0.62
11934;0.57;0.61
11952;0.57;0.61
11970;0.57;0.61
11947;0.57;0.61
11892;0.57;0.6
11997;0.57;0.59
12015;0.53;0.59
12034;0.53;0.6
12053;0.53;0.61
12029;0.53;0.61
12075;0.53;0.61
12094;0.53;0.61
12113;0.53;0.61
12132;0.52;0.61
12151;0.52;0.61
12127;0.53;0.61
12173;0.52;0.61
12192;0.52;0.62
12168;0.52;0.63
12111;0.52;0.63
12220;0.52;0.63
12239;0.52;0.64
12215;0.52;0.65
12261;0.51;0.65
12280;0.51;0.65
12256;0.52;0.66
12302;0.52;0.65
12321;0.52;0.65
12340;0.52;0.65
12359;0.52;0.66
12378;0.52;0.67
12354;0.52;0.67
12297;0.52;0.67
12406;0.49;0.65
12382;0.49;0.65
12428;0.49;0.64
12404;0.49;0.64
12450;0.5;0.6
12426;0.5;0.6
12472;0.5;0.6
12448;0.5;0.6
12494;0.5;0.59
12470;0.51;0.59
12413;0.5;0.59
12522;0.52;0.58
12542;0.53;0.58
12562;0.53;0.58
12582;0.54;0.58
12557;0.54;0.58
12498;0.54;0.57
12612;0.54;0.57
12632;0.54;0.58
12652;0.54;0.58
12672;0.54;0.58
12692;0.54;0.59
12667;0.54;0.59
12608;0.54;0.59
12468;0.54;0.58
12139;0.53;0.58
11363;0.54;0.58
9532;0.54;0.58
6292;0.54;0.58
10993;0.54;0.58
11010;0.54;0.59
11028;0.54;0.59
11006;0.54;0.6
11048;0.54;0.59
11066;0.54;0.6
11044;0.54;0.61
10992;0.54;0.61
11092;0.52;0.6
11110;0.52;0.6
11088;0.52;0.61
11036;0.52;0.6
10913;0.51;0.59
11150;0.52;0.58
11168;0.52;0.59
11146;0.52;0.59
11188;0.5;0.54
11206;0.51;0.54
11184;0.52;0.54
11226;0.52;0.54
11244;0.53;0.54
11222;0.54;0.54
11264;0.54;0.54
11282;0.55;0.51
11300;0.56;0.51
11278;0.56;0.51
11226;0.56;0.51
11103;0.57;0.5
11340;0.56;0.51
11358;0.56;0.5
11376;0.57;0.5
11394;0.57;0.5
11412;0.58;0.5
11430;0.58;0.5
11448;0.58;0.51
11466;0.59;0.5
11484;0.6;0.5
11502;0.61;0.5
11479;0.61;0.5
11424;0.61;0.5
11529;0.59;0.52
11506;0.6;0.52
11550;0.59;0.52
11568;0.6;0.52
11586;0.6;0.52
11563;0.6;0.52
11607;0.59;0.52
11625;0.59;0.51
11643;0.6;0.51
11661;0.6;0.51
11679;0.61;0.51
11697;0.62;0.5
11674;0.63;0.5
11718;0.62;0.5
11695;0.62;0.5
11739;0.57;0.45
11757;0.57;0.45
11734;0.58;0.45
11778;0.58;0.45
11796;0.58;0.44
11814;0.58;0.44
11791;0.59;0.46
11835;0.59;0.46
11853;0.6;0.48
11830;0.61;0.48
11874;0.61;0.48
11892;0.62;0.48
11869;0.62;0.48
11913;0.62;0.48
11931;0.62;0.48
11908;0.62;0.48
11952;0.61;0.48
11970;0.61;0.48
11988;0.62;0.49
11965;0.62;0.49
11910;0.62;0.5
12015;0.59;0.51
11991;0.59;0.51
12037;0.59;0.51
12056;0.6;0.52
12032;0.6;0.51
12078;0.59;0.51
12097;0.59;0.51
12073;0.6;0.51
12119;0.6;0.51
12095;0.61;0.53
12141;0.62;0.53
12117;0.62;0.53
12060;0.61;0.54
12169;0.6;0.54
12145;0.6;0.55
12191;0.6;0.55
12210;0.6;0.56
12229;0.6;0.56
12205;0.6;0.57
12251;0.6;0.56
12270;0.6;0.57
12289;0.6;0.57
12265;0.6;0.58
12208;0.6;0.57
12074;0.54;0.57
12332;0.54;0.56
12308;0.55;0.57
12354;0.54;0.57
12373;0.54;0.57
12392;0.55;0.57
12411;0.55;0.57
12387;0.55;0.57
12433;0.55;0.57
12409;0.55;0.58
12455;0.54;0.58
12431;0.54;0.58
12477;0.53;0.58
12496;0.53;0.59
12515;0.53;0.6
12490;0.52;0.6
12538;0.52;0.6
12558;0.52;0.6
12533;0.52;0.6
12474;0.51;0.6
12334;0.51;0.6
12603;0.52;0.61
12578;0.52;0.62
12626;0.52;0.61
12646;0.52;0.61
12621;0.53;0.61
12562;0.52;0.61
12422;0.52;0.6
12093;0.51;0.61
12728;0.51;0.6
12703;0.51;0.6
12644;0.51;0.6
12758;0.5;0.6
12733;0.48;0.6
12781;0.48;0.6
12801;0.48;0.6
12821;0.48;0.6
12796;0.47;0.6
12737;0.47;0.6
12851;0.49;0.61
12826;0.49;0.62
12874;0.49;0.61
12849;0.49;0.62
12897;0.49;0.6
12872;0.49;0.6
12813;0.49;0.6
12673;0.48;0.6
12344;0.47;0.59
11568;0.47;0.59
9737;0.47;0.58
12393;0.47;0.57
12412;0.46;0.58
12431;0.46;0.59
12407;0.48;0.59
12453;0.48;0.58
12472;0.48;0.58
12491;0.48;0.58
12467;0.48;0.58
12513;0.48;0.57
12533;0.48;0.57
12508;0.49;0.57
12556;0.49;0.57
12576;0.49;0.58
12596;0.49;0.58
12616;0.43;0.58
12636;0.43;0.58
12656;0.43;0.58
12631;0.43;0.59
12572;0.43;0.59
12432;0.43;0.55
12701;0.46;0.55
12721;0.46;0.56
12696;0.46;0.57
12744;0.46;0.57
12719;0.46;0.57
12767;0.46;0.55
12787;0.46;0.55
12807;0.46;0.55
12827;0.45;0.56
12802;0.45;0.56
12850;0.45;0.56
12825;0.46;0.57
12873;0.47;0.57
12893;0.47;0.57
12913;0.47;0.57
12888;0.48;0.58
12829;0.48;0.57
12943;0.49;0.55
12918;0.49;0.55
12859;0.49;0.55
12719;0.5;0.54
12390;0.49;0.54
11614;0.48;0.54
13114;0.48;0.53
13088;0.48;0.54
13138;0.48;0.53
13112;0.48;0.53
13050;0.48;0.52
13168;0.51;0.52
13189;0.51;0.53
13210;0.51;0.53
13231;0.52;0.53
13205;0.53;0.53
13255;0.53;0.53
13276;0.54;0.53
13250;0.54;0.53
13188;0.54;0.52
13306;0.54;0.51
13280;0.55;0.51
13330;0.54;0.51
13304;0.55;0.5
13242;0.54;0.51
13097;0.53;0.49
12755;0.52;0.48
13416;0.52;0.49
13437;0.53;0.49
13458;0.53;0.49
13432;0.54;0.49
13482;0.53;0.49
13503;0.53;0.49
13525;0.54;0.5
13547;0.54;0.5
13569;0.54;0.5
13591;0.55;0.5
13564;0.56;0.5
13500;0.56;0.5
13349;0.56;0.48
12994;0.51;0.46
12156;0.52;0.46
10179;0.52;0.43
13047;0.51;0.44
13068;0.52;0.44
13089;0.53;0.46
13110;0.54;0.46
13131;0.54;0.46
13105;0.55;0.46
13155;0.54;0.44
13176;0.54;0.44
13197;0.55;0.44
13218;0.55;0.44
13239;0.55;0.44
13260;0.56;0.44
13234;0.57;0.44
13284;0.56;0.44
13305;0.57;0.44
13279;0.58;0.44
13217;0.57;0.44
13072;0.54;0.44
12730;0.54;0.44
13391;0.54;0.44
13412;0.55;0.45
13386;0.56;0.46
13436;0.55;0.47
13457;0.56;0.48
13478;0.56;0.49
13499;0.57;0.49
13520;0.58;0.49
13542;0.58;0.49
13564;0.59;0.49
13586;0.59;0.49
13559;0.59;0.49
13611;0.59;0.49
13633;0.6;0.49
13655;0.61;0.49
13677;0.61;0.49
13650;0.61;0.49
13702;0.61;0.49
13724;0.61;0.49
13697;0.62;0.49
13633;0.62;0.49
13756;0.62;0.48
13729;0.62;0.48
13781;0.61;0.48
13754;0.61;0.48
13806;0.61;0.45
13779;0.61;0.45
13715;0.6;0.45
13838;0.6;0.47
13860;0.6;0.47
13833;0.61;0.48
13885;0.6;0.49
13907;0.6;0.49
13880;0.6;0.49
13932;0.6;0.48
13905;0.6;0.49
13957;0.6;0.5
13979;0.6;0.51
14001;0.61;0.51
14023;0.62;0.51
13995;0.62;0.51
14049;0.61;0.51
14071;0.61;0.51
14093;0.61;0.51
14065;0.61;0.51
14119;0.61;0.51
14091;0.61;0.51
14024;0.6;0.51
14151;0.6;0.51
14173;0.6;0.51
14195;0.6;0.52
14167;0.6;0.53
14100;0.6;0.53
14227;0.6;0.53
14199;0.6;0.53
14132;0.59;0.53
13976;0.59;0.54
14277;0.59;0.54
14299;0.59;0.54
14321;0.6;0.54
14343;0.6;0.54
14315;0.61;0.54
14248;0.6;0.54
14375;0.61;0.54
14397;0.61;0.54
14369;0.61;0.55
14423;0.61;0.55
14445;0.61;0.55
14467;0.62;0.55
14489;0.62;0.55
14461;0.63;0.55
14394;0.63;0.54
14521;0.63;0.54
14544;0.64;0.54
14515;0.64;0.54
14571;0.64;0.55
14594;0.64;0.55
14617;0.64;0.55
14640;0.64;0.55
14611;0.64;0.56
14542;0.64;0.56
14674;0.63;0.56
14697;0.63;0.56
14720;0.63;0.57
14691;0.63;0.58
14747;0.63;0.58
14770;0.63;0.58
14793;0.63;0.59
14764;0.63;0.59
14820;0.63;0.58
14791;0.63;0.59
14722;0.63;0.59
14560;0.62;0.59
14872;0.61;0.59
14843;0.6;0.6
14899;0.57;0.59
14922;0.57;0.59
14893;0.57;0.59
14949;0.57;0.59
14972;0.57;0.59
14995;0.57;0.59
15018;0.57;0.6
15042;0.57;0.6
15012;0.57;0.61
14941;0.57;0.6
15078;0.57;0.6
15102;0.57;0.61
15072;0.57;0.61
15130;0.57;0.61
15100;0.57;0.61
15029;0.57;0.61
15166;0.57;0.6
15190;0.57;0.6
15214;0.58;0.6
15184;0.59;0.6
15242;0.59;0.59
15212;0.59;0.6
15270;0.59;0.6
15240;0.6;0.6
15169;0.6;0.59
15306;0.59;0.59
15330;0.6;0.59
15354;0.6;0.6
15378;0.6;0.6
15402;0.6;0.6
15372;0.6;0.61
15430;0.6;0.6
15400;0.6;0.6
15458;0.6;0.6
15428;0.6;0.6
15486;0.59;0.6
15510;0.6;0.59
15535;0.6;0.59
15560;0.6;0.6
15529;0.6;0.6
15455;0.6;0.59
15596;0.6;0.6
15621;0.6;0.59
15646;0.6;0.6
15671;0.6;0.6
15640;0.6;0.61
15699;0.6;0.6
15724;0.6;0.61
15693;0.6;0.61
15752;0.59;0.61
15777;0.6;0.61
15802;0.6;0.61
15827;0.6;0.61
15852;0.6;0.61
15877;0.6;0.61
15902;0.6;0.61
15871;0.6;0.62
15930;0.6;0.61
15955;0.6;0.62
15924;0.6;0.63
15983;0.6;0.62
15952;0.6;0.63
16011;0.6;0.63
16037;0.6;0.63
16005;0.6;0.63
15929;0.6;0.63
15750;0.6;0.61
16094;0.59;0.61
16120;0.6;0.61
16088;0.6;0.62
16012;0.6;0.62
15833;0.59;0.62
16177;0.59;0.61
16145;0.59;0.61
16069;0.59;0.61
16215;0.59;0.61
16183;0.59;0.61
16244;0.59;0.6
16212;0.59;0.61
16273;0.6;0.6
16241;0.61;0.6
16302;0.61;0.59
16270;0.61;0.6
16331;0.61;0.6
16299;0.61;0.6
16223;0.6;0.6
16369;0.6;0.59
16337;0.6;0.6
16398;0.59;0.59
16366;0.59;0.59
16427;0.58;0.59
16395;0.58;0.59
16319;0.58;0.59
16140;0.56;0.58
15719;0.56;0.57
16532;0.55;0.57
16559;0.56;0.57
16586;0.56;0.57
16613;0.56;0.58
16640;0.57;0.58
16607;0.57;0.58
16529;0.56;0.58
16679;0.56;0.58
16706;0.56;0.58
16733;0.56;0.58
16760;0.56;0.59
16787;0.56;0.59
16814;0.56;0.6
16781;0.56;0.6
16703;0.56;0.59
16519;0.56;0.6
16874;0.56;0.59
16901;0.56;0.59
16928;0.56;0.59
16895;0.53;0.59
16958;0.53;0.59
16985;0.53;0.59
17012;0.53;0.6
16978;0.53;0.6
17043;0.53;0.59
17009;0.53;0.6
17074;0.52;0.6
17101;0.52;0.6
17067;0.52;0.61
16986;0.52;0.6
16796;0.55;0.58
16349;0.55;0.58
15294;0.56;0.58
12804;0.57;0.58
16416;0.56;0.58
16384;0.56;0.58
16445;0.56;0.58
16413;0.56;0.59
16337;0.56;0.59
16483;0.56;0.57
16451;0.56;0.58
16512;0.56;0.57
16539;0.57;0.57
16506;0.58;0.57
16569;0.58;0.56
16536;0.59;0.57
16458;0.58;0.57
16274;0.58;0.56
16629;0.58;0.56
16596;0.58;0.56
16518;0.56;0.55
16668;0.55;0.55
16635;0.53;0.56
16698;0.53;0.55
16665;0.53;0.55
16587;0.5;0.53
16737;0.48;0.53
16764;0.48;0.53
16791;0.49;0.54
16758;0.49;0.54
16821;0.49;0.55
16848;0.49;0.55
16875;0.49;0.56
16902;0.49;0.56
16929;0.49;0.57
16896;0.49;0.57
16959;0.49;0.57
16926;0.49;0.57
16989;0.49;0.55
17016;0.49;0.55
16982;0.5;0.55
17047;0.5;0.54
17074;0.49;0.55
17040;0.49;0.56
16959;0.5;0.55
16769;0.51;0.54
17135;0.52;0.53
17162;0.51;0.53
17128;0.51;0.54
17193;0.51;0.54
17220;0.51;0.54
17186;0.51;0.54
17105;0.51;0.54
16915;0.51;0.55
17281;0.48;0.53
17247;0.48;0.54
17312;0.48;0.54
17339;0.48;0.54
17366;0.48;0.54
17393;0.47;0.54
17359;0.47;0.55
17278;0.47;0.54
17088;0.48;0.55
16641;0.48;0.54
17505;0.46;0.52
17533;0.46;0.53
17561;0.47;0.54
17589;0.47;0.55
17617;0.47;0.56
17645;0.47;0.57
17673;0.47;0.57
17701;0.47;0.58
17729;0.47;0.58
17757;0.47;0.59
17722;0.47;0.6
17789;0.46;0.59
17817;0.46;0.59
17845;0.46;0.59
17810;0.46;0.59
17877;0.45;0.58
17905;0.45;0.59
17870;0.45;0.59
17787;0.43;0.58
17592;0.43;0.58
17131;0.43;0.57
16045;0.41;0.56
18146;0.41;0.56
18175;0.41;0.56
18204;0.41;0.57
18233;0.41;0.58
18262;0.41;0.58
18291;0.41;0.58
18320;0.41;0.58
18349;0.41;0.58
18313;0.41;0.59
18382;0.41;0.58
18411;0.41;0.58
18440;0.4;0.58
18404;0.4;0.58
18319;0.4;0.57
18483;0.4;0.57
18512;0.37;0.58
18475;0.37;0.59
18546;0.37;0.59
18509;0.37;0.6
18421;0.37;0.6
18589;0.37;0.6
18619;0.37;0.6
18582;0.37;0.61
18653;0.37;0.61
18683;0.37;0.62
18646;0.37;0.62
18558;0.37;0.61
18351;0.37;0.61
18749;0.37;0.61
18712;0.38;0.61
18783;0.38;0.61
18813;0.38;0.61
18843;0.38;0.62
18806;0.38;0.62
18877;0.38;0.61
18840;0.38;0.62
18752;0.38;0.62
18545;0.38;0.62
18943;0.38;0.62
18906;0.38;0.62
18977;0.38;0.6
19007;0.38;0.61
18969;0.38;0.61
19042;0.38;0.6
