-100;0;0;0;0
-20;0;0;0;0
-120;0;0;0;0
-40;0;0;0;0
-140;0;0;0;0
-60;0;0;0;0
20;0;0;0;0
100;0;0;0;0
180;0;0;0;0
260;0;0;0;0
340;0;0;0;0
420;0;0;0;0
500;0;0;0;0
580;0;0;0;0
580;0;0;0;0
480;0;0;0;0
560;0;0;0;0
460;0;0;0;0
540;0;0;0;0
620;0;0;0;0
520;0;0;0;0
600;0;0;0;0
680;0;0;0;0
580;0;0;0;0
480;0;0;0;0
380;0;0;0;0
460;0;0;0;0
540;0;0;0;0
620;0;0;0;0
700;0;0;0;0
780;0;0;0;0
860;0;0;0;0
940;0;0;0;0
1020;0;0;0;0
920;0;0;0;0
820;0;0;0;0
820;0;0;0;0
900;0;0;0;0
800;0;0;0;0
700;0;0;0;0
780;0;0;0;0
860;0;0;0;0
760;0;0;0;0
840;0;0;0;0
920;0;0.64;0;640
820;0;0.64;0;640
900;0;0.64;0;640
800;0;0.68;0;680
880;0;0.68;0;680
780;0;0.68;0;680
680;0;0.68;0;680
580;0;0.68;0;680
660;0;0.64;0;640
560;0;0.64;0;640
640;0;0.6;0;600
720;0;0.6;0;600
800;0;0.6;0;600
880;0;0.6;0;600
780;0.64;0.6;640;600
860;0.64;0.6;640;600
760;0.64;0.6;640;600
840;0.64;0.56;640;560
920;0.64;0.56;640;560
1000;0.68;0.56;680;560
1080;0.68;0.56;680;560
1160;0.68;0.56;680;560
1060;0.68;0.56;680;560
960;0.68;0.6;680;600
1040;0.64;0.6;640;600
1120;0.64;0.56;640;560
1200;0.64;0.56;640;560
1100;0.64;0.6;640;600
1180;0.64;0.56;640;560
1260;0.64;0.6;640;600
1160;0.64;0.64;640;640
1060;0.64;0.6;640;600
960;0.64;0.56;640;560
1040;0.64;0.52;640;520
940;0.64;0.52;640;520
1020;0.64;0.52;640;520
920;0.64;0.52;640;520
1000;0.64;0.52;640;520
1080;0.64;0.52;640;520
980;0.64;0.52;640;520
1060;0.6;0.52;600;520
1140;0.6;0.52;600;520
1040;0.6;0.52;600;520
1120;0.6;0.52;600;520
1020;0.6;0.56;600;560
1100;0.6;0.56;600;560
1180;0.64;0.56;640;560
1260;0.64;0.56;640;560
1160;0.64;0.56;640;560
1240;0.64;0.52;640;520
1320;0.64;0.56;640;560
1220;0.64;0.56;640;560
1300;0.64;0.56;640;560
1380;0.64;0.56;640;560
1280;0.64;0.56;640;560
1360;0.64;0.6;640;600
1440;0.64;0.6;640;600
1520;0.64;0.64;640;640
1420;0.64;0.64;640;640
1320;0.64;0.64;640;640
1220;0.64;0.6;640;600
1300;0.64;0.56;640;560
1380;0.64;0.56;640;560
1460;0.68;0.56;680;560
1360;0.68;0.6;680;600
1260;0.68;0.56;680;560
1340;0.68;0.52;680;520
1240;0.68;0.52;680;520
1320;0.68;0.56;680;560
1220;0.68;0.56;680;560
1300;0.68;0.52;680;520
1200;0.68;0.52;680;520
1280;0.68;0.56;680;560
1180;0.64;0.56;640;560
1260;0.6;0.56;600;560
1340;0.6;0.6;600;600
1240;0.6;0.64;600;640
1140;0.6;0.6;600;600
1040;0.6;0.56;600;560
1120;0.6;0.52;600;520
1200;0.6;0.56;600;560
1280;0.6;0.56;600;560
1180;0.6;0.56;600;560
1260;0.6;0.6;600;600
1340;0.6;0.6;600;600
1420;0.6;0.6;600;600
1320;0.6;0.6;600;600
1220;0.56;0.6;560;600
1300;0.56;0.64;560;640
1380;0.56;0.64;560;640
1460;0.56;0.64;560;640
1360;0.52;0.64;520;640
1440;0.52;0.64;520;640
1520;0.48;0.64;480;640
1600;0.48;0.64;480;640
1680;0.48;0.68;480;680
1760;0.48;0.72;480;720
1660;0.48;0.72;480;720
1560;0.48;0.76;480;760
1460;0.48;0.76;480;760
1540;0.44;0.76;440;760
1620;0.48;0.76;480;760
1520;0.48;0.76;480;760
1420;0.48;0.72;480;720
1320;0.48;0.72;480;720
1400;0.48;0.72;480;720
1480;0.48;0.72;480;720
1560;0.48;0.72;480;720
1460;0.48;0.72;480;720
1540;0.48;0.72;480;720
1620;0.48;0.72;480;720
1520;0.48;0.72;480;720
1420;0.48;0.72;480;720
1500;0.48;0.68;480;680
1580;0.48;0.68;480;680
1660;0.48;0.68;480;680
1560;0.48;0.68;480;680
1640;0.48;0.68;480;680
1720;0.48;0.68;480;680
1620;0.48;0.68;480;680
1520;0.44;0.68;440;680
1420;0.44;0.72;440;720
1320;0.44;0.72;440;720
1220;0.44;0.72;440;720
1300;0.4;0.72;400;720
1200;0.4;0.72;400;720
1280;0.4;0.68;400;680
1360;0.4;0.68;400;680
1440;0.4;0.68;400;680
1340;0.44;0.68;440;680
1420;0.44;0.68;440;680
1500;0.48;0.68;480;680
1580;0.48;0.68;480;680
1660;0.48;0.68;480;680
1560;0.48;0.68;480;680
1640;0.48;0.68;480;680
1720;0.48;0.64;480;640
1800;0.48;0.64;480;640
1700;0.48;0.64;480;640
1780;0.52;0.64;520;640
1680;0.52;0.6;520;600
1760;0.52;0.56;520;560
1660;0.52;0.56;520;560
1740;0.52;0.52;520;520
1820;0.52;0.52;520;520
1900;0.56;0.52;560;520
1980;0.56;0.56;560;560
1880;0.56;0.6;560;600
1780;0.56;0.6;560;600
1860;0.56;0.56;560;560
1940;0.56;0.56;560;560
2020;0.6;0.56;600;560
2100;0.64;0.56;640;560
2180;0.64;0.56;640;560
2080;0.64;0.6;640;600
1980;0.64;0.6;640;600
2060;0.64;0.56;640;560
2140;0.64;0.56;640;560
2040;0.68;0.56;680;560
1940;0.68;0.56;680;560
2020;0.68;0.56;680;560
2100;0.64;0.56;640;560
2180;0.64;0.56;640;560
2080;0.68;0.56;680;560
2160;0.64;0.56;640;560
2240;0.64;0.56;640;560
2320;0.64;0.6;640;600
2400;0.64;0.64;640;640
2480;0.64;0.68;640;680
2380;0.68;0.68;680;680
2460;0.64;0.68;640;680
2360;0.64;0.68;640;680
2440;0.68;0.68;680;680
2520;0.68;0.68;680;680
2420;0.68;0.64;680;640
2500;0.68;0.6;680;600
2400;0.68;0.6;680;600
2300;0.68;0.6;680;600
2380;0.68;0.56;680;560
2460;0.68;0.56;680;560
2540;0.72;0.56;720;560
2620;0.72;0.56;720;560
2700;0.72;0.6;720;600
2780;0.76;0.6;760;600
2680;0.8;0.6;800;600
2760;0.8;0.64;800;640
2840;0.8;0.64;800;640
2920;0.8;0.68;800;680
2820;0.8;0.68;800;680
2900;0.8;0.64;800;640
2980;0.8;0.64;800;640
2880;0.76;0.64;760;640
2780;0.72;0.64;720;640
2680;0.72;0.68;720;680
2580;0.72;0.68;720;680
2660;0.72;0.68;720;680
2740;0.72;0.68;720;680
2640;0.72;0.64;720;640
2720;0.72;0.6;720;600
2800;0.72;0.64;720;640
2880;0.72;0.68;720;680
2960;0.72;0.68;720;680
3040;0.72;0.68;720;680
2940;0.72;0.68;720;680
3020;0.72;0.64;720;640
3100;0.72;0.64;720;640
3180;0.72;0.64;720;640
3260;0.72;0.64;720;640
3340;0.72;0.64;720;640
3420;0.72;0.64;720;640
3320;0.72;0.68;720;680
3220;0.72;0.68;720;680
3300;0.72;0.68;720;680
3200;0.72;0.64;720;640
3280;0.72;0.64;720;640
3360;0.72;0.64;720;640
3260;0.72;0.64;720;640
3340;0.72;0.64;720;640
3240;0.76;0.64;760;640
3320;0.72;0.64;720;640
3400;0.72;0.64;720;640
3300;0.72;0.64;720;640
3380;0.72;0.64;720;640
3280;0.76;0.64;760;640
3180;0.72;0.64;720;640
3260;0.68;0.64;680;640
3160;0.72;0.64;720;640
3060;0.68;0.64;680;640
2960;0.68;0.64;680;640
2860;0.64;0.64;640;640
2940;0.64;0.6;640;600
3020;0.6;0.6;600;600
2920;0.6;0.6;600;600
3000;0.6;0.6;600;600
3080;0.6;0.6;600;600
3160;0.6;0.56;600;560
3240;0.6;0.56;600;560
3320;0.6;0.56;600;560
3220;0.6;0.6;600;600
3120;0.6;0.6;600;600
3020;0.6;0.6;600;600
3100;0.6;0.56;600;560
3000;0.6;0.56;600;560
3080;0.6;0.56;600;560
2980;0.6;0.56;600;560
2880;0.6;0.56;600;560
2780;0.6;0.56;600;560
2860;0.56;0.56;560;560
2760;0.56;0.56;560;560
2840;0.56;0.56;560;560
2920;0.56;0.56;560;560
3000;0.56;0.56;560;560
3080;0.56;0.56;560;560
3160;0.56;0.56;560;560
3240;0.56;0.56;560;560
3240;0.56;0.56;560;560
3140;0.56;0.56;560;560
3220;0.56;0.52;560;520
3300;0.56;0.52;560;520
3200;0.56;0.56;560;560
3100;0.56;0.56;560;560
3180;0.56;0.52;560;520
3260;0.52;0.52;520;520
3340;0.52;0.52;520;520
3420;0.52;0.52;520;520
3500;0.52;0.52;520;520
3400;0.52;0.56;520;560
3480;0.56;0.56;560;560
3560;0.56;0.56;560;560
3460;0.6;0.56;600;560
3540;0.56;0.56;560;560
3620;0.56;0.56;560;560
3700;0.56;0.6;560;600
3780;0.56;0.6;560;600
3860;0.56;0.64;560;640
3760;0.56;0.64;560;640
3840;0.6;0.64;600;640
3920;0.6;0.64;600;640
3820;0.6;0.64;600;640
3720;0.6;0.64;600;640
3620;0.64;0.64;640;640
3520;0.64;0.6;640;600
3600;0.6;0.6;600;600
3500;0.64;0.6;640;600
3580;0.64;0.56;640;560
3660;0.64;0.56;640;560
3560;0.68;0.56;680;560
3640;0.64;0.56;640;560
3720;0.64;0.56;640;560
3800;0.64;0.56;640;560
3880;0.68;0.56;680;560
3960;0.68;0.56;680;560
4040;0.68;0.6;680;600
4120;0.72;0.6;720;600
4020;0.76;0.6;760;600
3920;0.76;0.6;760;600
4000;0.76;0.6;760;600
3900;0.72;0.6;720;600
3980;0.72;0.64;720;640
3880;0.72;0.68;720;680
3960;0.72;0.68;720;680
4040;0.72;0.64;720;640
4120;0.72;0.64;720;640
4020;0.72;0.64;720;640
4100;0.68;0.64;680;640
4180;0.68;0.64;680;640
4260;0.68;0.68;680;680
4340;0.68;0.68;680;680
4240;0.68;0.68;680;680
4320;0.64;0.68;640;680
4220;0.64;0.68;640;680
4300;0.68;0.68;680;680
4200;0.68;0.68;680;680
4280;0.68;0.68;680;680
4360;0.68;0.68;680;680
4440;0.68;0.68;680;680
4340;0.68;0.68;680;680
4420;0.64;0.68;640;680
4500;0.64;0.64;640;640
4400;0.64;0.64;640;640
4480;0.64;0.68;640;680
4380;0.64;0.68;640;680
4460;0.64;0.68;640;680
4540;0.64;0.68;640;680
4620;0.64;0.64;640;640
4700;0.64;0.64;640;640
4600;0.64;0.68;640;680
4500;0.64;0.64;640;640
4400;0.64;0.64;640;640
4480;0.64;0.64;640;640
4380;0.64;0.64;640;640
4460;0.6;0.64;600;640
4540;0.64;0.64;640;640
4620;0.64;0.64;640;640
4520;0.64;0.68;640;680
4600;0.64;0.64;640;640
4500;0.64;0.64;640;640
4580;0.64;0.6;640;600
4660;0.68;0.6;680;600
4560;0.68;0.64;680;640
4640;0.68;0.6;680;600
4720;0.68;0.6;680;600
4620;0.72;0.6;720;600
4700;0.68;0.6;680;600
4600;0.68;0.6;680;600
4500;0.68;0.6;680;600
4400;0.64;0.6;640;600
4480;0.64;0.6;640;600
4560;0.6;0.6;600;600
4560;0.6;0.6;600;600
4640;0.6;0.6;600;600
4540;0.64;0.6;640;600
4620;0.64;0.6;640;600
4700;0.64;0.6;640;600
4780;0.64;0.6;640;600
4680;0.64;0.6;640;600
4760;0.68;0.6;680;600
4840;0.68;0.6;680;600
4920;0.68;0.56;680;560
5000;0.72;0.56;720;560
4900;0.72;0.56;720;560
4980;0.68;0.56;680;560
5060;0.68;0.56;680;560
5140;0.72;0.56;720;560
5220;0.72;0.56;720;560
5300;0.72;0.56;720;560
5380;0.72;0.6;720;600
5280;0.76;0.6;760;600
5180;0.72;0.6;720;600
5080;0.68;0.6;680;600
4980;0.68;0.6;680;600
5060;0.68;0.6;680;600
5140;0.64;0.6;640;600
5220;0.64;0.6;640;600
5300;0.64;0.6;640;600
5200;0.64;0.64;640;640
5100;0.64;0.6;640;600
5000;0.64;0.56;640;560
5080;0.64;0.56;640;560
5160;0.64;0.56;640;560
5240;0.64;0.56;640;560
5320;0.64;0.56;640;560
5400;0.64;0.56;640;560
5300;0.68;0.56;680;560
5380;0.68;0.56;680;560
5280;0.64;0.56;640;560
5360;0.64;0.56;640;560
5260;0.64;0.56;640;560
5160;0.64;0.56;640;560
5240;0.68;0.56;680;560
5320;0.68;0.56;680;560
5220;0.68;0.56;680;560
5120;0.68;0.56;680;560
5020;0.68;0.52;680;520
4920;0.68;0.52;680;520
4820;0.68;0.48;680;480
4720;0.68;0.48;680;480
4620;0.68;0.44;680;440
4700;0.68;0.44;680;440
4780;0.68;0.44;680;440
4860;0.68;0.44;680;440
4940;0.72;0.44;720;440
4840;0.72;0.48;720;480
4920;0.72;0.48;720;480
4820;0.72;0.44;720;440
4900;0.72;0.44;720;440
4980;0.72;0.44;720;440
4880;0.72;0.44;720;440
4780;0.72;0.4;720;400
4860;0.72;0.36;720;360
4760;0.72;0.36;720;360
4840;0.68;0.36;680;360
4920;0.68;0.36;680;360
5000;0.68;0.36;680;360
5080;0.68;0.36;680;360
5080;0.68;0.36;680;360
5160;0.68;0.36;680;360
5240;0.72;0.36;720;360
5320;0.72;0.36;720;360
5400;0.72;0.36;720;360
5480;0.72;0.36;720;360
5560;0.72;0.36;720;360
5460;0.72;0.4;720;400
5540;0.72;0.4;720;400
5440;0.76;0.4;760;400
5340;0.76;0.4;760;400
5420;0.76;0.4;760;400
5500;0.8;0.4;800;400
5400;0.8;0.4;800;400
5480;0.76;0.4;760;400
5560;0.76;0.4;760;400
5640;0.76;0.4;760;400
5720;0.76;0.4;760;400
5620;0.76;0.4;760;400
5520;0.76;0.4;760;400
5600;0.76;0.44;760;440
5680;0.76;0.44;760;440
5760;0.76;0.44;760;440
5840;0.76;0.44;760;440
5920;0.76;0.44;760;440
6000;0.76;0.44;760;440
5900;0.76;0.44;760;440
5800;0.72;0.44;720;440
5880;0.72;0.48;720;480
5780;0.68;0.48;680;480
5680;0.68;0.52;680;520
5760;0.64;0.52;640;520
5840;0.64;0.52;640;520
5740;0.64;0.56;640;560
5820;0.64;0.56;640;560
5720;0.64;0.6;640;600
5620;0.64;0.6;640;600
5700;0.68;0.6;680;600
5780;0.68;0.6;680;600
5860;0.68;0.6;680;600
5760;0.68;0.64;680;640
5840;0.68;0.64;680;640
5740;0.68;0.64;680;640
5820;0.68;0.6;680;600
5720;0.68;0.6;680;600
5620;0.68;0.6;680;600
5520;0.64;0.6;640;600
5420;0.64;0.6;640;600
5500;0.64;0.56;640;560
5400;0.64;0.56;640;560
5300;0.6;0.56;600;560
5200;0.56;0.56;560;560
5280;0.52;0.56;520;560
5360;0.52;0.56;520;560
5260;0.52;0.56;520;560
5340;0.52;0.56;520;560
5420;0.52;0.6;520;600
5500;0.52;0.6;520;600
5580;0.56;0.6;560;600
5480;0.56;0.6;560;600
5380;0.56;0.6;560;600
5460;0.56;0.56;560;560
5540;0.56;0.56;560;560
5620;0.56;0.6;560;600
5520;0.52;0.6;520;600
5420;0.52;0.6;520;600
5500;0.48;0.6;480;600
5580;0.48;0.6;480;600
5660;0.48;0.6;480;600
5560;0.48;0.6;480;600
5640;0.48;0.56;480;560
5540;0.48;0.56;480;560
5620;0.48;0.56;480;560
5520;0.48;0.56;480;560
5600;0.48;0.56;480;560
5500;0.48;0.56;480;560
5580;0.48;0.56;480;560
5480;0.48;0.56;480;560
5560;0.52;0.56;520;560
5640;0.52;0.56;520;560
5720;0.52;0.52;520;520
5800;0.52;0.56;520;560
5700;0.52;0.6;520;600
5780;0.52;0.56;520;560
5860;0.52;0.56;520;560
5940;0.52;0.6;520;600
5840;0.52;0.6;520;600
5740;0.52;0.6;520;600
5640;0.52;0.6;520;600
5720;0.52;0.6;520;600
5800;0.56;0.6;560;600
5880;0.56;0.6;560;600
5780;0.56;0.6;560;600
5680;0.56;0.6;560;600
5580;0.56;0.6;560;600
5480;0.52;0.6;520;600
5560;0.52;0.6;520;600
5640;0.52;0.6;520;600
5720;0.52;0.64;520;640
5800;0.52;0.64;520;640
5880;0.48;0.64;480;640
5960;0.48;0.64;480;640
5860;0.48;0.64;480;640
5760;0.48;0.64;480;640
5840;0.48;0.6;480;600
5920;0.52;0.6;520;600
5820;0.52;0.6;520;600
5900;0.52;0.56;520;560
5980;0.52;0.56;520;560
6060;0.52;0.56;520;560
6140;0.56;0.56;560;560
6220;0.6;0.56;600;560
6120;0.64;0.56;640;560
6020;0.6;0.56;600;560
6100;0.6;0.6;600;600
6180;0.6;0.6;600;600
6180;0.6;0.6;600;600
6080;0.6;0.64;600;640
6160;0.6;0.6;600;600
6240;0.6;0.6;600;600
6320;0.6;0.6;600;600
6400;0.6;0.64;600;640
6480;0.6;0.68;600;680
6380;0.6;0.68;600;680
6460;0.6;0.64;600;640
6360;0.6;0.64;600;640
6260;0.6;0.64;600;640
6340;0.6;0.68;600;680
6240;0.6;0.68;600;680
6140;0.6;0.64;600;640
6220;0.6;0.64;600;640
6300;0.6;0.64;600;640
6200;0.6;0.68;600;680
6280;0.6;0.68;600;680
6360;0.6;0.68;600;680
6260;0.6;0.68;600;680
6160;0.6;0.64;600;640
6060;0.6;0.6;600;600
6140;0.6;0.56;600;560
6220;0.6;0.6;600;600
6300;0.6;0.64;600;640
6200;0.64;0.64;640;640
6280;0.64;0.64;640;640
6360;0.64;0.68;640;680
6260;0.64;0.68;640;680
6340;0.64;0.64;640;640
6420;0.64;0.64;640;640
6320;0.6;0.64;600;640
6220;0.56;0.64;560;640
6300;0.56;0.64;560;640
6380;0.56;0.64;560;640
6460;0.56;0.64;560;640
6360;0.56;0.64;560;640
6440;0.56;0.64;560;640
6520;0.56;0.64;560;640
6420;0.56;0.64;560;640
6320;0.56;0.6;560;600
6320;0.56;0.6;560;600
6220;0.56;0.6;560;600
6300;0.56;0.56;560;560
6380;0.56;0.56;560;560
6460;0.56;0.6;560;600
6360;0.56;0.64;560;640
6260;0.56;0.64;560;640
6260;0.56;0.64;560;640
6340;0.52;0.64;520;640
6240;0.52;0.6;520;600
6320;0.52;0.6;520;600
6400;0.52;0.6;520;600
6300;0.52;0.6;520;600
6380;0.52;0.6;520;600
6280;0.52;0.64;520;640
6180;0.52;0.64;520;640
6260;0.52;0.64;520;640
6340;0.56;0.64;560;640
6240;0.56;0.64;560;640
6140;0.56;0.64;560;640
6220;0.56;0.6;560;600
6300;0.52;0.6;520;600
6200;0.52;0.6;520;600
6100;0.52;0.6;520;600
6180;0.52;0.6;520;600
6260;0.52;0.6;520;600
6340;0.52;0.6;520;600
6420;0.52;0.6;520;600
6500;0.52;0.6;520;600
6580;0.52;0.6;520;600
6480;0.52;0.6;520;600
6380;0.52;0.6;520;600
6460;0.52;0.6;520;600
6540;0.52;0.6;520;600
6620;0.52;0.6;520;600
6520;0.52;0.6;520;600
6420;0.52;0.6;520;600
6500;0.52;0.6;520;600
6400;0.52;0.6;520;600
6300;0.52;0.56;520;560
6200;0.52;0.52;520;520
6280;0.52;0.52;520;520
6180;0.52;0.52;520;520
6260;0.52;0.48;520;480
6340;0.52;0.52;520;520
6420;0.52;0.52;520;520
6500;0.52;0.56;520;560
6400;0.52;0.6;520;600
6480;0.56;0.6;560;600
6380;0.56;0.6;560;600
6460;0.56;0.56;560;560
6540;0.56;0.56;560;560
6620;0.6;0.56;600;560
6700;0.64;0.56;640;560
6780;0.64;0.56;640;560
6680;0.64;0.56;640;560
6760;0.64;0.56;640;560
6840;0.64;0.52;640;520
6920;0.64;0.56;640;560
7000;0.64;0.6;640;600
7080;0.64;0.6;640;600
6980;0.68;0.6;680;600
7060;0.64;0.6;640;600
7140;0.64;0.6;640;600
7220;0.64;0.64;640;640
7120;0.64;0.64;640;640
7020;0.68;0.64;680;640
6920;0.64;0.64;640;640
7000;0.6;0.64;600;640
7080;0.6;0.64;600;640
7160;0.6;0.68;600;680
7060;0.6;0.68;600;680
7140;0.6;0.64;600;640
7220;0.64;0.64;640;640
7300;0.64;0.64;640;640
7200;0.68;0.64;680;640
7280;0.68;0.64;680;640
7360;0.68;0.64;680;640
7440;0.68;0.64;680;640
7520;0.68;0.64;680;640
7420;0.68;0.68;680;680
7320;0.68;0.64;680;640
7220;0.68;0.64;680;640
7120;0.68;0.64;680;640
7020;0.68;0.64;680;640
7100;0.68;0.64;680;640
7000;0.68;0.6;680;600
6900;0.68;0.6;680;600
6980;0.68;0.56;680;560
6880;0.68;0.56;680;560
6780;0.68;0.52;680;520
6860;0.68;0.52;680;520
6940;0.68;0.52;680;520
7020;0.68;0.56;680;560
6920;0.68;0.56;680;560
7000;0.68;0.52;680;520
6900;0.68;0.52;680;520
6980;0.68;0.48;680;480
6880;0.68;0.48;680;480
6960;0.68;0.48;680;480
6860;0.68;0.48;680;480
6940;0.68;0.48;680;480
7020;0.68;0.44;680;440
7100;0.68;0.48;680;480
7000;0.72;0.48;720;480
6900;0.72;0.48;720;480
6980;0.72;0.44;720;440
6880;0.72;0.48;720;480
6780;0.68;0.48;680;480
6680;0.68;0.44;680;440
6760;0.64;0.44;640;440
6840;0.68;0.44;680;440
6920;0.68;0.4;680;400
7000;0.68;0.4;680;400
7080;0.68;0.4;680;400
7160;0.68;0.4;680;400
7240;0.68;0.44;680;440
7320;0.68;0.48;680;480
7400;0.72;0.48;720;480
7300;0.72;0.48;720;480
7380;0.68;0.48;680;480
7280;0.68;0.52;680;520
7180;0.68;0.52;680;520
7260;0.68;0.52;680;520
7160;0.64;0.52;640;520
7060;0.64;0.56;640;560
6960;0.6;0.56;600;560
6860;0.6;0.56;600;560
6940;0.6;0.56;600;560
6840;0.6;0.56;600;560
6920;0.6;0.56;600;560
7000;0.6;0.56;600;560
7080;0.6;0.56;600;560
6980;0.64;0.56;640;560
6880;0.64;0.56;640;560
6780;0.64;0.6;640;600
6860;0.64;0.56;640;560
6940;0.6;0.56;600;560
7020;0.6;0.56;600;560
7100;0.6;0.56;600;560
7000;0.6;0.56;600;560
7080;0.6;0.52;600;520
7160;0.64;0.52;640;520
7240;0.64;0.52;640;520
7320;0.64;0.52;640;520
7220;0.64;0.56;640;560
7300;0.64;0.56;640;560
7380;0.64;0.52;640;520
7280;0.64;0.52;640;520
7360;0.64;0.52;640;520
7440;0.64;0.52;640;520
7520;0.68;0.52;680;520
7600;0.72;0.52;720;520
7680;0.72;0.52;720;520
7760;0.72;0.56;720;560
7660;0.72;0.56;720;560
7560;0.72;0.56;720;560
7640;0.72;0.56;720;560
7540;0.72;0.56;720;560
7440;0.72;0.52;720;520
7340;0.72;0.48;720;480
7240;0.72;0.48;720;480
7320;0.72;0.44;720;440
7400;0.68;0.44;680;440
7300;0.68;0.48;680;480
7380;0.68;0.48;680;480
7280;0.68;0.48;680;480
7360;0.68;0.48;680;480
7440;0.68;0.48;680;480
7520;0.68;0.48;680;480
7600;0.72;0.48;720;480
7680;0.72;0.48;720;480
7580;0.76;0.48;760;480
7660;0.76;0.48;760;480
7560;0.76;0.48;760;480
7460;0.76;0.48;760;480
7360;0.76;0.44;760;440
7440;0.76;0.44;760;440
7340;0.76;0.48;760;480
7420;0.76;0.48;760;480
7320;0.76;0.48;760;480
7400;0.72;0.48;720;480
7480;0.76;0.48;760;480
7380;0.8;0.48;800;480
7280;0.8;0.44;800;440
7360;0.8;0.44;800;440
7260;0.76;0.44;760;440
7160;0.72;0.44;720;440
7240;0.68;0.44;680;440
7320;0.68;0.44;680;440
7220;0.68;0.44;680;440
7300;0.68;0.44;680;440
7200;0.68;0.48;680;480
7280;0.68;0.44;680;440
7360;0.64;0.44;640;440
7260;0.64;0.44;640;440
7160;0.64;0.44;640;440
7060;0.64;0.48;640;480
7140;0.6;0.48;600;480
7040;0.6;0.48;600;480
7120;0.6;0.44;600;440
7200;0.6;0.48;600;480
7100;0.6;0.48;600;480
7000;0.56;0.48;560;480
6900;0.56;0.44;560;440
6980;0.56;0.44;560;440
6980;0.56;0.44;560;440
7060;0.52;0.44;520;440
6960;0.52;0.44;520;440
7040;0.48;0.44;480;440
6940;0.48;0.48;480;480
7020;0.48;0.48;480;480
6920;0.48;0.52;480;520
7000;0.52;0.52;520;520
7080;0.52;0.52;520;520
6980;0.56;0.52;560;520
7060;0.56;0.52;560;520
7140;0.56;0.52;560;520
7040;0.56;0.56;560;560
7120;0.56;0.52;560;520
7020;0.56;0.52;560;520
7100;0.52;0.52;520;520
7000;0.52;0.52;520;520
7080;0.52;0.48;520;480
6980;0.52;0.48;520;480
7060;0.52;0.48;520;480
6960;0.52;0.52;520;520
7040;0.48;0.52;480;520
6940;0.52;0.52;520;520
7020;0.52;0.52;520;520
7100;0.48;0.52;480;520
7180;0.48;0.52;480;520
7260;0.52;0.52;520;520
7160;0.52;0.52;520;520
7060;0.48;0.52;480;520
7140;0.48;0.52;480;520
7220;0.48;0.56;480;560
7300;0.48;0.6;480;600
7380;0.48;0.6;480;600
7280;0.48;0.6;480;600
7360;0.52;0.6;520;600
7440;0.56;0.6;560;600
7340;0.56;0.6;560;600
7240;0.56;0.56;560;560
7140;0.56;0.56;560;560
7040;0.56;0.52;560;520
7120;0.56;0.52;560;520
7200;0.56;0.52;560;520
7280;0.6;0.52;600;520
7360;0.6;0.52;600;520
7260;0.64;0.52;640;520
7340;0.64;0.52;640;520
7240;0.64;0.52;640;520
7320;0.64;0.52;640;520
7400;0.68;0.52;680;520
7480;0.68;0.52;680;520
7560;0.72;0.52;720;520
7460;0.72;0.48;720;480
7540;0.72;0.48;720;480
7620;0.72;0.48;720;480
7520;0.72;0.52;720;520
7600;0.72;0.48;720;480
7680;0.72;0.52;720;520
7760;0.72;0.52;720;520
7760;0.72;0.52;720;520
7840;0.72;0.52;720;520
7920;0.72;0.56;720;560
7820;0.72;0.56;720;560
7720;0.72;0.56;720;560
7800;0.72;0.56;720;560
7700;0.72;0.52;720;520
7780;0.72;0.52;720;520
7680;0.76;0.52;760;520
7760;0.76;0.52;760;520
7660;0.76;0.52;760;520
7740;0.76;0.52;760;520
7640;0.72;0.52;720;520
7540;0.72;0.52;720;520
7440;0.72;0.52;720;520
7520;0.72;0.48;720;480
7420;0.72;0.48;720;480
7320;0.72;0.52;720;520
7220;0.72;0.48;720;480
7120;0.72;0.44;720;440
7200;0.68;0.44;680;440
7100;0.68;0.44;680;440
7000;0.68;0.44;680;440
7080;0.68;0.4;680;400
6980;0.68;0.4;680;400
7060;0.68;0.36;680;360
7140;0.68;0.36;680;360
7220;0.68;0.4;680;400
7120;0.68;0.44;680;440
7020;0.68;0.44;680;440
6920;0.64;0.44;640;440
6820;0.6;0.44;600;440
6720;0.6;0.44;600;440
6620;0.6;0.44;600;440
6520;0.6;0.44;600;440
6420;0.6;0.44;600;440
6500;0.6;0.4;600;400
6580;0.56;0.4;560;400
6660;0.56;0.4;560;400
6740;0.56;0.44;560;440
6640;0.56;0.44;560;440
6540;0.56;0.4;560;400
6620;0.56;0.4;560;400
6700;0.56;0.36;560;360
6600;0.56;0.36;560;360
6500;0.56;0.36;560;360
6580;0.56;0.36;560;360
6660;0.56;0.36;560;360
6740;0.6;0.36;600;360
6640;0.6;0.36;600;360
6720;0.6;0.36;600;360
6800;0.64;0.36;640;360
6700;0.64;0.36;640;360
6780;0.64;0.36;640;360
6860;0.6;0.36;600;360
6760;0.6;0.36;600;360
6660;0.6;0.36;600;360
6740;0.56;0.36;560;360
6640;0.56;0.36;560;360
6720;0.56;0.36;560;360
6800;0.56;0.4;560;400
6700;0.52;0.4;520;400
6600;0.52;0.4;520;400
6500;0.52;0.4;520;400
6400;0.52;0.4;520;400
6480;0.48;0.4;480;400
6560;0.48;0.4;480;400
6640;0.48;0.4;480;400
6720;0.52;0.4;520;400
6800;0.52;0.44;520;440
6880;0.52;0.44;520;440
6780;0.52;0.48;520;480
6680;0.52;0.44;520;440
6580;0.52;0.4;520;400
6660;0.52;0.4;520;400
6660;0.52;0.4;520;400
6740;0.52;0.44;520;440
6820;0.52;0.48;520;480
6720;0.52;0.52;520;520
6800;0.56;0.52;560;520
6880;0.6;0.52;600;520
6960;0.6;0.52;600;520
6860;0.6;0.52;600;520
6760;0.64;0.52;640;520
6840;0.64;0.52;640;520
6920;0.64;0.48;640;480
7000;0.64;0.48;640;480
7080;0.64;0.52;640;520
6980;0.64;0.52;640;520
6880;0.64;0.56;640;560
6960;0.64;0.52;640;520
6860;0.64;0.52;640;520
6940;0.64;0.56;640;560
7020;0.64;0.56;640;560
6920;0.64;0.6;640;600
6820;0.68;0.6;680;600
6900;0.64;0.6;640;600
6800;0.64;0.6;640;600
6880;0.64;0.56;640;560
6960;0.64;0.6;640;600
6860;0.6;0.6;600;600
6940;0.56;0.6;560;600
6840;0.56;0.6;560;600
6920;0.56;0.6;560;600
7000;0.56;0.6;560;600
7080;0.56;0.6;560;600
6980;0.56;0.6;560;600
7060;0.56;0.56;560;560
7140;0.6;0.56;600;560
7220;0.6;0.56;600;560
7300;0.64;0.56;640;560
7380;0.64;0.56;640;560
7460;0.64;0.56;640;560
7360;0.64;0.6;640;600
7260;0.64;0.6;640;600
7160;0.64;0.56;640;560
7240;0.64;0.52;640;520
7320;0.68;0.52;680;520
7400;0.72;0.52;720;520
7480;0.72;0.52;720;520
7380;0.72;0.56;720;560
7380;0.72;0.56;720;560
7460;0.72;0.56;720;560
7540;0.76;0.56;760;560
7440;0.76;0.6;760;600
7520;0.76;0.56;760;560
7420;0.76;0.56;760;560
7320;0.76;0.56;760;560
7320;0.76;0.56;760;560
7400;0.76;0.52;760;520
7300;0.76;0.56;760;560
7380;0.72;0.56;720;560
7280;0.72;0.56;720;560
7360;0.72;0.56;720;560
7440;0.72;0.56;720;560
7520;0.72;0.56;720;560
7600;0.72;0.56;720;560
7680;0.72;0.52;720;520
7680;0.72;0.52;720;520
7580;0.72;0.52;720;520
7480;0.72;0.48;720;480
7560;0.76;0.48;760;480
7640;0.76;0.48;760;480
7540;0.8;0.48;800;480
7620;0.8;0.48;800;480
7520;0.8;0.48;800;480
7420;0.8;0.44;800;440
7500;0.8;0.44;800;440
7580;0.8;0.44;800;440
7480;0.8;0.44;800;440
7560;0.8;0.44;800;440
7640;0.8;0.44;800;440
7540;0.8;0.48;800;480
7620;0.8;0.48;800;480
7520;0.8;0.48;800;480
7600;0.8;0.48;800;480
7500;0.8;0.44;800;440
7580;0.8;0.44;800;440
7480;0.8;0.44;800;440
7560;0.8;0.48;800;480
7460;0.8;0.52;800;520
7540;0.8;0.48;800;480
7440;0.8;0.48;800;480
7520;0.8;0.48;800;480
7420;0.8;0.48;800;480
7500;0.76;0.48;760;480
7580;0.76;0.52;760;520
7660;0.76;0.52;760;520
7740;0.76;0.52;760;520
7820;0.76;0.52;760;520
7900;0.76;0.52;760;520
7800;0.76;0.56;760;560
7700;0.76;0.52;760;520
7780;0.76;0.52;760;520
7680;0.76;0.52;760;520
7580;0.76;0.52;760;520
7660;0.72;0.52;720;520
7740;0.72;0.52;720;520
7820;0.72;0.52;720;520
7720;0.72;0.52;720;520
7620;0.72;0.52;720;520
7520;0.72;0.52;720;520
7600;0.68;0.52;680;520
7680;0.68;0.52;680;520
7580;0.72;0.52;720;520
7480;0.68;0.52;680;520
7560;0.64;0.52;640;520
7640;0.64;0.48;640;480
7720;0.64;0.52;640;520
7800;0.64;0.52;640;520
7700;0.64;0.56;640;560
7780;0.64;0.52;640;520
7860;0.64;0.56;640;560
7760;0.64;0.56;640;560
7840;0.6;0.56;600;560
7920;0.6;0.56;600;560
8000;0.6;0.6;600;600
7900;0.6;0.6;600;600
7980;0.6;0.6;600;600
8060;0.6;0.6;600;600
8140;0.6;0.6;600;600
8040;0.64;0.6;640;600
7940;0.64;0.6;640;600
7840;0.64;0.56;640;560
7740;0.64;0.56;640;560
7640;0.64;0.52;640;520
7720;0.64;0.52;640;520
7620;0.6;0.52;600;520
7700;0.6;0.52;600;520
7780;0.6;0.56;600;560
7860;0.64;0.56;640;560
7760;0.68;0.56;680;560
7660;0.64;0.56;640;560
7560;0.64;0.56;640;560
7640;0.64;0.52;640;520
7540;0.6;0.52;600;520
7620;0.56;0.52;560;520
7700;0.56;0.56;560;560
7600;0.56;0.56;560;560
7680;0.56;0.52;560;520
7580;0.56;0.52;560;520
7660;0.56;0.52;560;520
7560;0.56;0.48;560;480
7640;0.6;0.48;600;480
7720;0.6;0.48;600;480
7800;0.6;0.52;600;520
7880;0.6;0.52;600;520
7960;0.6;0.52;600;520
7860;0.6;0.52;600;520
7760;0.56;0.52;560;520
7660;0.56;0.52;560;520
7740;0.52;0.52;520;520
7640;0.52;0.56;520;560
7720;0.52;0.56;520;560
7620;0.52;0.56;520;560
7520;0.52;0.6;520;600
7600;0.52;0.56;520;560
7680;0.52;0.56;520;560
7580;0.56;0.56;560;560
7660;0.52;0.56;520;560
7740;0.52;0.56;520;560
7820;0.52;0.6;520;600
7900;0.52;0.6;520;600
7800;0.56;0.6;560;600
7880;0.52;0.6;520;600
7960;0.52;0.6;520;600
8040;0.56;0.6;560;600
8120;0.56;0.6;560;600
8200;0.56;0.6;560;600
8280;0.56;0.6;560;600
8180;0.56;0.6;560;600
8260;0.56;0.56;560;560
8340;0.56;0.6;560;600
8420;0.56;0.64;560;640
8500;0.56;0.64;560;640
8580;0.6;0.64;600;640
8480;0.6;0.68;600;680
8380;0.6;0.68;600;680
8280;0.6;0.64;600;640
8180;0.6;0.6;600;600
8260;0.64;0.6;640;600
8160;0.64;0.6;640;600
8060;0.64;0.6;640;600
8140;0.6;0.6;600;600
8220;0.64;0.6;640;600
8300;0.68;0.6;680;600
8380;0.72;0.6;720;600
8460;0.72;0.56;720;560
8540;0.72;0.56;720;560
8620;0.72;0.56;720;560
8700;0.72;0.56;720;560
8780;0.72;0.56;720;560
8860;0.72;0.6;720;600
8940;0.72;0.6;720;600
9020;0.72;0.64;720;640
8920;0.72;0.68;720;680
9000;0.72;0.64;720;640
8900;0.72;0.64;720;640
8980;0.72;0.6;720;600
9060;0.72;0.6;720;600
8960;0.76;0.6;760;600
8860;0.76;0.6;760;600
8940;0.76;0.6;760;600
9020;0.76;0.64;760;640
8920;0.76;0.64;760;640
9000;0.76;0.64;760;640
9080;0.8;0.64;800;640
8980;0.8;0.64;800;640
8880;0.8;0.6;800;600
8960;0.8;0.56;800;560
8960;0.8;0.56;800;560
9040;0.8;0.56;800;560
9120;0.84;0.56;840;560
9200;0.84;0.56;840;560
9100;0.84;0.56;840;560
9000;0.8;0.56;800;560
9080;0.8;0.56;800;560
8980;0.8;0.56;800;560
9060;0.8;0.52;800;520
9140;0.8;0.52;800;520
9040;0.8;0.52;800;520
9120;0.8;0.56;800;560
9020;0.8;0.56;800;560
8920;0.8;0.52;800;520
8820;0.8;0.48;800;480
8900;0.8;0.48;800;480
8800;0.76;0.48;760;480
8700;0.72;0.48;720;480
8780;0.72;0.52;720;520
8680;0.72;0.56;720;560
8760;0.72;0.56;720;560
8660;0.72;0.6;720;600
8560;0.72;0.56;720;560
8460;0.72;0.52;720;520
8360;0.68;0.52;680;520
8440;0.64;0.52;640;520
8340;0.64;0.52;640;520
8240;0.64;0.52;640;520
8320;0.6;0.52;600;520
8220;0.6;0.48;600;480
8120;0.6;0.44;600;440
8200;0.6;0.4;600;400
8280;0.6;0.4;600;400
8180;0.6;0.4;600;400
8260;0.6;0.44;600;440
8160;0.56;0.44;560;440
8240;0.56;0.44;560;440
8320;0.56;0.48;560;480
8220;0.56;0.48;560;480
8120;0.52;0.48;520;480
8200;0.52;0.44;520;440
8100;0.48;0.44;480;440
8000;0.48;0.48;480;480
8080;0.44;0.48;440;480
8160;0.44;0.48;440;480
8240;0.44;0.48;440;480
8140;0.44;0.52;440;520
8220;0.44;0.48;440;480
8120;0.44;0.48;440;480
8200;0.44;0.48;440;480
8280;0.44;0.48;440;480
8360;0.48;0.48;480;480
8440;0.48;0.48;480;480
8520;0.48;0.52;480;520
8600;0.48;0.56;480;560
8500;0.48;0.6;480;600
8580;0.52;0.6;520;600
8660;0.52;0.56;520;560
8740;0.52;0.56;520;560
8820;0.52;0.56;520;560
8720;0.52;0.6;520;600
8800;0.52;0.6;520;600
8880;0.52;0.6;520;600
8780;0.52;0.56;520;560
8680;0.52;0.56;520;560
8760;0.52;0.56;520;560
8840;0.52;0.6;520;600
8740;0.52;0.6;520;600
8640;0.48;0.6;480;600
8720;0.48;0.6;480;600
8620;0.48;0.64;480;640
8700;0.52;0.64;520;640
8780;0.52;0.64;520;640
8860;0.52;0.64;520;640
8760;0.52;0.64;520;640
8840;0.52;0.64;520;640
8920;0.52;0.64;520;640
8820;0.52;0.64;520;640
8900;0.52;0.64;520;640
8980;0.56;0.64;560;640
8880;0.56;0.64;560;640
8960;0.56;0.6;560;600
9040;0.56;0.64;560;640
8940;0.56;0.64;560;640
8840;0.6;0.64;600;640
8920;0.56;0.64;560;640
9000;0.6;0.64;600;640
8900;0.64;0.64;640;640
8800;0.6;0.64;600;640
8700;0.6;0.64;600;640
8780;0.6;0.6;600;600
8860;0.6;0.64;600;640
8940;0.6;0.64;600;640
8840;0.56;0.64;560;640
8920;0.56;0.64;560;640
8820;0.6;0.64;600;640
8900;0.6;0.64;600;640
8980;0.6;0.68;600;680
8880;0.6;0.68;600;680
8960;0.6;0.64;600;640
9040;0.64;0.64;640;640
9120;0.64;0.64;640;640
9020;0.64;0.64;640;640
9100;0.64;0.64;640;640
9000;0.64;0.64;640;640
9080;0.64;0.64;640;640
8980;0.64;0.64;640;640
8880;0.64;0.6;640;600
8780;0.6;0.6;600;600
8680;0.6;0.6;600;600
8760;0.6;0.6;600;600
8660;0.6;0.64;600;640
8560;0.56;0.64;560;640
8640;0.52;0.64;520;640
8540;0.52;0.64;520;640
8620;0.48;0.64;480;640
8700;0.48;0.6;480;600
8780;0.48;0.6;480;600
8860;0.48;0.6;480;600
8760;0.48;0.64;480;640
8840;0.48;0.6;480;600
8920;0.48;0.6;480;600
8820;0.48;0.6;480;600
8900;0.52;0.6;520;600
8980;0.56;0.6;560;600
9060;0.56;0.6;560;600
9140;0.56;0.6;560;600
9040;0.56;0.6;560;600
8940;0.56;0.6;560;600
8840;0.56;0.56;560;560
8920;0.56;0.56;560;560
9000;0.56;0.52;560;520
9080;0.6;0.52;600;520
8980;0.6;0.56;600;560
8880;0.6;0.56;600;560
8960;0.6;0.56;600;560
9040;0.6;0.56;600;560
8940;0.56;0.56;560;560
9020;0.56;0.56;560;560
9100;0.56;0.56;560;560
9180;0.56;0.56;560;560
9080;0.56;0.56;560;560
8980;0.6;0.56;600;560
8880;0.6;0.52;600;520
8960;0.6;0.48;600;480
8860;0.6;0.52;600;520
8760;0.6;0.52;600;520
8660;0.6;0.52;600;520
8740;0.56;0.52;560;520
8820;0.6;0.52;600;520
8900;0.6;0.48;600;480
8980;0.6;0.48;600;480
9060;0.6;0.48;600;480
9140;0.6;0.48;600;480
9140;0.6;0.48;600;480
9040;0.6;0.48;600;480
8940;0.64;0.48;640;480
9020;0.64;0.48;640;480
9100;0.64;0.48;640;480
9180;0.64;0.48;640;480
9260;0.68;0.48;680;480
9340;0.68;0.48;680;480
9420;0.72;0.48;720;480
9320;0.72;0.52;720;520
9400;0.72;0.52;720;520
9480;0.72;0.52;720;520
9560;0.72;0.56;720;560
9460;0.72;0.56;720;560
9540;0.72;0.56;720;560
9440;0.72;0.56;720;560
9340;0.72;0.52;720;520
9420;0.72;0.48;720;480
9500;0.72;0.52;720;520
9400;0.72;0.52;720;520
9300;0.72;0.52;720;520
9380;0.72;0.48;720;480
9280;0.72;0.52;720;520
9360;0.72;0.52;720;520
9260;0.68;0.52;680;520
9160;0.68;0.56;680;560
9240;0.68;0.52;680;520
9320;0.68;0.56;680;560
9220;0.68;0.56;680;560
9120;0.68;0.52;680;520
9020;0.64;0.52;640;520
9100;0.6;0.52;600;520
9180;0.6;0.52;600;520
9080;0.6;0.56;600;560
9160;0.6;0.52;600;520
9240;0.6;0.56;600;560
9320;0.64;0.56;640;560
9400;0.64;0.56;640;560
9300;0.64;0.56;640;560
9380;0.64;0.56;640;560
9280;0.68;0.56;680;560
9360;0.68;0.52;680;520
9440;0.68;0.56;680;560
9520;0.68;0.56;680;560
9600;0.68;0.56;680;560
9500;0.68;0.56;680;560
9400;0.68;0.56;680;560
9300;0.68;0.56;680;560
9380;0.64;0.56;640;560
9460;0.64;0.52;640;520
9360;0.64;0.52;640;520
9260;0.64;0.52;640;520
9340;0.64;0.52;640;520
9240;0.64;0.52;640;520
9320;0.64;0.52;640;520
9400;0.68;0.52;680;520
9480;0.68;0.52;680;520
9560;0.68;0.56;680;560
9460;0.68;0.56;680;560
9360;0.64;0.56;640;560
9260;0.6;0.56;600;560
9340;0.6;0.56;600;560
9240;0.6;0.6;600;600
9320;0.6;0.6;600;600
9220;0.6;0.56;600;560
9120;0.6;0.56;600;560
9200;0.56;0.56;560;560
9280;0.56;0.56;560;560
9180;0.56;0.56;560;560
9260;0.56;0.52;560;520
9160;0.52;0.52;520;520
9060;0.52;0.56;520;560
9140;0.52;0.52;520;520
9220;0.52;0.56;520;560
9120;0.52;0.56;520;560
9200;0.52;0.56;520;560
9280;0.52;0.56;520;560
9180;0.52;0.56;520;560
9260;0.52;0.56;520;560
9160;0.56;0.56;560;560
9240;0.56;0.56;560;560
9140;0.52;0.56;520;560
9220;0.52;0.6;520;600
9300;0.48;0.6;480;600
9380;0.48;0.64;480;640
9280;0.48;0.64;480;640
9360;0.48;0.64;480;640
9260;0.48;0.64;480;640
9340;0.44;0.64;440;640
9420;0.44;0.64;440;640
9320;0.44;0.64;440;640
9400;0.44;0.64;440;640
9480;0.44;0.64;440;640
9380;0.44;0.64;440;640
9460;0.44;0.6;440;600
9540;0.44;0.64;440;640
9440;0.44;0.68;440;680
9340;0.48;0.68;480;680
9240;0.48;0.64;480;640
9320;0.44;0.64;440;640
9220;0.48;0.64;480;640
9300;0.44;0.64;440;640
9200;0.44;0.64;440;640
9280;0.44;0.6;440;600
9360;0.44;0.6;440;600
9440;0.44;0.64;440;640
9340;0.48;0.64;480;640
9240;0.48;0.64;480;640
9140;0.44;0.64;440;640
9220;0.44;0.68;440;680
9120;0.44;0.68;440;680
9200;0.44;0.68;440;680
9280;0.44;0.68;440;680
9180;0.44;0.68;440;680
9260;0.4;0.68;400;680
9340;0.4;0.68;400;680
9240;0.44;0.68;440;680
9140;0.44;0.68;440;680
9220;0.44;0.68;440;680
9120;0.44;0.64;440;640
9200;0.44;0.6;440;600
9100;0.44;0.6;440;600
9000;0.44;0.56;440;560
9080;0.44;0.52;440;520
9160;0.44;0.56;440;560
9060;0.48;0.56;480;560
9140;0.44;0.56;440;560
9040;0.44;0.56;440;560
8940;0.44;0.56;440;560
9020;0.4;0.56;400;560
9100;0.4;0.56;400;560
9180;0.4;0.56;400;560
9080;0.44;0.56;440;560
8980;0.44;0.56;440;560
9060;0.44;0.56;440;560
8960;0.44;0.56;440;560
9040;0.44;0.56;440;560
8940;0.44;0.56;440;560
8840;0.44;0.56;440;560
8920;0.44;0.52;440;520
8820;0.44;0.56;440;560
8900;0.44;0.56;440;560
8980;0.44;0.52;440;520
8880;0.44;0.52;440;520
8960;0.44;0.52;440;520
9040;0.44;0.56;440;560
8940;0.48;0.56;480;560
8840;0.44;0.56;440;560
8920;0.44;0.56;440;560
9000;0.44;0.56;440;560
9080;0.44;0.6;440;600
9160;0.44;0.6;440;600
9240;0.44;0.6;440;600
9320;0.48;0.6;480;600
9400;0.48;0.6;480;600
9480;0.48;0.6;480;600
9480;0.48;0.6;480;600
9560;0.52;0.6;520;600
9640;0.52;0.6;520;600
9720;0.52;0.64;520;640
9620;0.52;0.64;520;640
9700;0.52;0.64;520;640
9780;0.52;0.64;520;640
9680;0.52;0.64;520;640
9580;0.52;0.64;520;640
9480;0.56;0.64;560;640
9560;0.56;0.64;560;640
9640;0.56;0.64;560;640
9720;0.56;0.64;560;640
9800;0.6;0.64;600;640
9700;0.6;0.64;600;640
9780;0.6;0.64;600;640
9860;0.6;0.64;600;640
9760;0.6;0.68;600;680
9660;0.6;0.64;600;640
9560;0.6;0.64;600;640
9640;0.6;0.64;600;640
9540;0.6;0.64;600;640
9620;0.64;0.64;640;640
9700;0.68;0.64;680;640
9600;0.68;0.6;680;600
9500;0.68;0.56;680;560
9580;0.68;0.52;680;520
9660;0.68;0.52;680;520
9560;0.68;0.56;680;560
9640;0.68;0.56;680;560
9720;0.68;0.52;680;520
9620;0.68;0.56;680;560
9700;0.68;0.52;680;520
9600;0.72;0.52;720;520
9680;0.72;0.56;720;560
9760;0.72;0.56;720;560
9840;0.72;0.56;720;560
9920;0.72;0.56;720;560
9820;0.72;0.6;720;600
9720;0.72;0.56;720;560
9800;0.76;0.56;760;560
9880;0.76;0.52;760;520
9780;0.76;0.52;760;520
9680;0.76;0.52;760;520
9760;0.76;0.52;760;520
9660;0.8;0.52;800;520
9740;0.8;0.48;800;480
9820;0.8;0.48;800;480
9900;0.76;0.48;760;480
9980;0.76;0.48;760;480
10060;0.76;0.48;760;480
10140;0.76;0.48;760;480
10220;0.76;0.48;760;480
10120;0.76;0.48;760;480
10020;0.76;0.48;760;480
9920;0.72;0.48;720;480
10000;0.72;0.48;720;480
10080;0.68;0.48;680;480
9980;0.72;0.48;720;480
10060;0.68;0.48;680;480
10140;0.68;0.52;680;520
10040;0.68;0.52;680;520
9940;0.68;0.52;680;520
10020;0.72;0.52;720;520
10100;0.72;0.52;720;520
10180;0.72;0.52;720;520
10260;0.72;0.52;720;520
10340;0.72;0.56;720;560
10420;0.72;0.56;720;560
10320;0.72;0.56;720;560
10220;0.72;0.56;720;560
10120;0.68;0.56;680;560
10200;0.64;0.56;640;560
10100;0.64;0.56;640;560
10000;0.6;0.56;600;560
10080;0.56;0.56;560;560
10160;0.56;0.56;560;560
10060;0.6;0.56;600;560
9960;0.56;0.56;560;560
10040;0.56;0.6;560;600
10120;0.52;0.6;520;600
10200;0.52;0.64;520;640
10100;0.52;0.64;520;640
10000;0.52;0.64;520;640
9900;0.48;0.64;480;640
9800;0.48;0.64;480;640
9880;0.44;0.64;440;640
9960;0.44;0.64;440;640
9860;0.48;0.64;480;640
9940;0.48;0.68;480;680
10020;0.48;0.68;480;680
10100;0.48;0.68;480;680
10000;0.48;0.68;480;680
10080;0.48;0.68;480;680
10160;0.48;0.68;480;680
10060;0.48;0.68;480;680
9960;0.48;0.72;480;720
10040;0.48;0.68;480;680
9940;0.48;0.72;480;720
9840;0.44;0.72;440;720
9920;0.4;0.72;400;720
10000;0.4;0.72;400;720
10080;0.44;0.72;440;720
10160;0.44;0.68;440;680
10060;0.48;0.68;480;680
10140;0.48;0.68;480;680
10220;0.48;0.68;480;680
10300;0.48;0.68;480;680
10380;0.48;0.68;480;680
10280;0.48;0.72;480;720
10180;0.48;0.72;480;720
10260;0.52;0.72;520;720
10160;0.56;0.72;560;720
10060;0.52;0.72;520;720
9960;0.52;0.68;520;680
10040;0.52;0.68;520;680
9940;0.52;0.68;520;680
10020;0.52;0.64;520;640
9920;0.52;0.64;520;640
10000;0.48;0.64;480;640
10080;0.48;0.6;480;600
10160;0.52;0.6;520;600
10240;0.52;0.6;520;600
10320;0.56;0.6;560;600
10400;0.56;0.64;560;640
10480;0.56;0.64;560;640
10560;0.56;0.64;560;640
10460;0.6;0.64;600;640
10360;0.6;0.64;600;640
10440;0.6;0.64;600;640
10340;0.6;0.68;600;680
10240;0.6;0.68;600;680
10140;0.6;0.68;600;680
10040;0.56;0.68;560;680
10120;0.56;0.68;560;680
10200;0.56;0.68;560;680
10100;0.56;0.68;560;680
10180;0.56;0.64;560;640
10260;0.56;0.64;560;640
10160;0.56;0.64;560;640
10060;0.56;0.6;560;600
10140;0.56;0.6;560;600
10220;0.56;0.6;560;600
10120;0.56;0.64;560;640
10020;0.56;0.6;560;600
9920;0.52;0.6;520;600
9820;0.52;0.6;520;600
9900;0.48;0.6;480;600
9980;0.48;0.56;480;560
9880;0.52;0.56;520;560
9780;0.48;0.56;480;560
9860;0.44;0.56;440;560
9940;0.48;0.56;480;560
10020;0.48;0.56;480;560
10100;0.48;0.6;480;600
10180;0.52;0.6;520;600
10080;0.52;0.6;520;600
9980;0.48;0.6;480;600
9980;0.48;0.6;480;600
10060;0.48;0.64;480;640
10140;0.48;0.68;480;680
10220;0.48;0.68;480;680
10300;0.48;0.72;480;720
10380;0.44;0.72;440;720
10460;0.44;0.72;440;720
10540;0.48;0.72;480;720
10620;0.48;0.76;480;760
10700;0.48;0.76;480;760
10600;0.48;0.76;480;760
10500;0.48;0.72;480;720
10580;0.48;0.68;480;680
10660;0.48;0.68;480;680
10740;0.48;0.68;480;680
10820;0.48;0.72;480;720
10720;0.48;0.72;480;720
10800;0.48;0.72;480;720
10880;0.44;0.72;440;720
10960;0.44;0.72;440;720
11040;0.48;0.72;480;720
11120;0.48;0.76;480;760
11200;0.48;0.76;480;760
11100;0.48;0.76;480;760
11000;0.48;0.76;480;760
11080;0.48;0.76;480;760
10980;0.52;0.76;520;760
10880;0.48;0.76;480;760
10780;0.44;0.76;440;760
10860;0.44;0.76;440;760
10940;0.44;0.76;440;760
10840;0.44;0.8;440;800
10920;0.44;0.8;440;800
10820;0.4;0.8;400;800
10900;0.36;0.8;360;800
10980;0.36;0.8;360;800
10880;0.36;0.8;360;800
10960;0.36;0.76;360;760
10860;0.4;0.76;400;760
10760;0.4;0.76;400;760
10660;0.4;0.76;400;760
10740;0.4;0.76;400;760
10820;0.44;0.76;440;760
10720;0.48;0.76;480;760
10800;0.48;0.76;480;760
10700;0.48;0.76;480;760
10600;0.48;0.76;480;760
10500;0.48;0.76;480;760
10580;0.48;0.76;480;760
10480;0.48;0.72;480;720
10380;0.48;0.68;480;680
10280;0.48;0.64;480;640
10180;0.48;0.64;480;640
10260;0.44;0.64;440;640
10340;0.44;0.64;440;640
10420;0.44;0.6;440;600
10500;0.48;0.6;480;600
10580;0.52;0.6;520;600
10480;0.52;0.6;520;600
10560;0.48;0.6;480;600
10460;0.48;0.6;480;600
10540;0.48;0.6;480;600
10620;0.48;0.56;480;560
10700;0.48;0.6;480;600
10780;0.48;0.64;480;640
10680;0.48;0.64;480;640
10580;0.48;0.6;480;600
10480;0.52;0.6;520;600
10380;0.48;0.6;480;600
10280;0.44;0.6;440;600
10360;0.44;0.6;440;600
10440;0.44;0.56;440;560
10520;0.48;0.56;480;560
10600;0.48;0.56;480;560
10680;0.48;0.56;480;560
10760;0.52;0.56;520;560
10840;0.52;0.56;520;560
10920;0.56;0.56;560;560
11000;0.56;0.56;560;560
11080;0.56;0.6;560;600
11160;0.56;0.6;560;600
11240;0.6;0.6;600;600
11140;0.6;0.64;600;640
11040;0.6;0.6;600;600
10940;0.64;0.6;640;600
11020;0.64;0.6;640;600
11100;0.64;0.6;640;600
11000;0.64;0.6;640;600
11080;0.64;0.6;640;600
11160;0.64;0.6;640;600
11240;0.64;0.56;640;560
11320;0.64;0.56;640;560
11400;0.64;0.6;640;600
11480;0.64;0.6;640;600
11560;0.64;0.6;640;600
11460;0.64;0.64;640;640
11540;0.64;0.6;640;600
11440;0.64;0.64;640;640
11340;0.64;0.64;640;640
11240;0.68;0.64;680;640
11320;0.68;0.64;680;640
11220;0.68;0.64;680;640
11120;0.68;0.64;680;640
11200;0.68;0.64;680;640
11280;0.68;0.64;680;640
11180;0.68;0.68;680;680
11080;0.68;0.64;680;640
11160;0.68;0.64;680;640
11240;0.68;0.64;680;640
11320;0.68;0.64;680;640
11400;0.68;0.64;680;640
11300;0.68;0.6;680;600
11380;0.68;0.6;680;600
11460;0.72;0.6;720;600
11360;0.72;0.6;720;600
11440;0.72;0.56;720;560
11520;0.72;0.6;720;600
11420;0.72;0.64;720;640
11500;0.72;0.6;720;600
11580;0.68;0.6;680;600
11660;0.68;0.6;680;600
11560;0.68;0.6;680;600
11640;0.72;0.6;720;600
11540;0.76;0.6;760;600
11620;0.76;0.56;760;560
11520;0.76;0.56;760;560
11600;0.76;0.56;760;560
11680;0.76;0.52;760;520
11580;0.76;0.52;760;520
11660;0.72;0.52;720;520
11560;0.72;0.56;720;560
11460;0.72;0.56;720;560
11360;0.72;0.52;720;520
11260;0.72;0.52;720;520
11340;0.68;0.52;680;520
11420;0.68;0.52;680;520
11320;0.68;0.52;680;520
11220;0.68;0.52;680;520
11300;0.64;0.52;640;520
11380;0.64;0.48;640;480
11280;0.64;0.48;640;480
11360;0.64;0.44;640;440
11440;0.64;0.44;640;440
11340;0.68;0.44;680;440
11240;0.64;0.44;640;440
11140;0.6;0.44;600;440
11220;0.6;0.44;600;440
11120;0.6;0.44;600;440
11020;0.6;0.48;600;480
10920;0.6;0.44;600;440
11000;0.6;0.44;600;440
11080;0.6;0.48;600;480
11160;0.56;0.48;560;480
11240;0.6;0.48;600;480
11320;0.6;0.48;600;480
11400;0.6;0.48;600;480
11300;0.6;0.52;600;520
11200;0.6;0.48;600;480
11280;0.6;0.48;600;480
11180;0.6;0.48;600;480
11080;0.6;0.44;600;440
11160;0.56;0.44;560;440
11240;0.56;0.44;560;440
11140;0.6;0.44;600;440
11040;0.6;0.44;600;440
11120;0.56;0.44;560;440
11020;0.56;0.44;560;440
10920;0.56;0.44;560;440
11000;0.56;0.44;560;440
11080;0.56;0.48;560;480
10980;0.56;0.48;560;480
10880;0.56;0.44;560;440
10960;0.56;0.44;560;440
11040;0.56;0.44;560;440
11120;0.52;0.44;520;440
11020;0.52;0.44;520;440
11100;0.52;0.44;520;440
11000;0.52;0.44;520;440
10900;0.56;0.44;560;440
10980;0.56;0.44;560;440
11060;0.56;0.44;560;440
11140;0.56;0.48;560;480
11220;0.56;0.52;560;520
11300;0.52;0.52;520;520
11380;0.52;0.56;520;560
11460;0.56;0.56;560;560
11360;0.56;0.56;560;560
11440;0.56;0.56;560;560
11520;0.56;0.56;560;560
11520;0.56;0.56;560;560
11600;0.56;0.56;560;560
11500;0.56;0.56;560;560
11580;0.56;0.52;560;520
11480;0.56;0.56;560;560
11560;0.6;0.56;600;560
11640;0.6;0.56;600;560
11720;0.64;0.56;640;560
11800;0.64;0.56;640;560
11880;0.64;0.56;640;560
11960;0.64;0.56;640;560
11860;0.64;0.6;640;600
11760;0.64;0.6;640;600
11660;0.64;0.6;640;600
11740;0.64;0.6;640;600
11820;0.64;0.6;640;600
11900;0.64;0.64;640;640
11800;0.68;0.64;680;640
11880;0.68;0.68;680;680
11960;0.68;0.68;680;680
11860;0.68;0.68;680;680
11940;0.68;0.64;680;640
12020;0.68;0.68;680;680
11920;0.68;0.72;680;720
12000;0.68;0.68;680;680
12080;0.68;0.68;680;680
11980;0.68;0.68;680;680
12060;0.64;0.68;640;680
11960;0.64;0.68;640;680
12040;0.64;0.68;640;680
12120;0.64;0.68;640;680
12200;0.64;0.68;640;680
12100;0.68;0.68;680;680
12000;0.68;0.68;680;680
12080;0.68;0.68;680;680
12160;0.68;0.68;680;680
12240;0.64;0.68;640;680
12320;0.64;0.68;640;680
12400;0.64;0.68;640;680
12480;0.64;0.68;640;680
12560;0.64;0.68;640;680
12640;0.68;0.68;680;680
12720;0.68;0.68;680;680
12800;0.68;0.68;680;680
12880;0.68;0.72;680;720
12960;0.72;0.72;720;720
13040;0.72;0.72;720;720
13120;0.76;0.72;760;720
13020;0.76;0.76;760;760
12920;0.76;0.72;760;720
13000;0.76;0.72;760;720
13080;0.76;0.72;760;720
12980;0.76;0.72;760;720
13060;0.76;0.68;760;680
12960;0.76;0.68;760;680
12860;0.76;0.68;760;680
12760;0.76;0.64;760;640
12660;0.76;0.6;760;600
12740;0.76;0.56;760;560
12640;0.8;0.56;800;560
12540;0.8;0.6;800;600
12440;0.8;0.56;800;560
12340;0.76;0.56;760;560
12420;0.72;0.56;720;560
12320;0.72;0.52;720;520
12220;0.72;0.52;720;520
12300;0.68;0.52;680;520
12200;0.68;0.52;680;520
12280;0.68;0.52;680;520
12180;0.68;0.52;680;520
12080;0.64;0.52;640;520
11980;0.64;0.48;640;480
12060;0.64;0.48;640;480
11960;0.64;0.48;640;480
11860;0.64;0.44;640;440
11760;0.64;0.44;640;440
11660;0.64;0.4;640;400
11740;0.64;0.36;640;360
11640;0.64;0.36;640;360
11540;0.68;0.36;680;360
11620;0.64;0.36;640;360
11520;0.68;0.36;680;360
11600;0.64;0.36;640;360
11680;0.64;0.32;640;320
11580;0.64;0.32;640;320
11660;0.64;0.28;640;280
11740;0.64;0.28;640;280
11820;0.68;0.28;680;280
11900;0.68;0.28;680;280
11980;0.68;0.28;680;280
11880;0.68;0.28;680;280
11960;0.68;0.32;680;320
12040;0.68;0.36;680;360
11940;0.68;0.36;680;360
12020;0.68;0.36;680;360
12100;0.68;0.36;680;360
12180;0.64;0.36;640;360
12080;0.64;0.4;640;400
12160;0.64;0.4;640;400
12240;0.64;0.4;640;400
12320;0.68;0.4;680;400
12220;0.68;0.44;680;440
12300;0.68;0.44;680;440
12200;0.68;0.44;680;440
12280;0.68;0.44;680;440
12360;0.68;0.44;680;440
12260;0.68;0.48;680;480
12160;0.68;0.48;680;480
12240;0.68;0.48;680;480
12320;0.68;0.48;680;480
12220;0.68;0.48;680;480
12300;0.64;0.48;640;480
12380;0.64;0.48;640;480
12280;0.64;0.52;640;520
12360;0.64;0.52;640;520
12440;0.64;0.56;640;560
12520;0.64;0.56;640;560
12600;0.64;0.6;640;600
12680;0.64;0.6;640;600
12760;0.64;0.64;640;640
12840;0.64;0.64;640;640
12920;0.64;0.68;640;680
13000;0.64;0.68;640;680
13080;0.68;0.68;680;680
12980;0.72;0.68;720;680
13060;0.72;0.72;720;720
13140;0.68;0.72;680;720
13040;0.72;0.72;720;720
13120;0.68;0.72;680;720
13200;0.68;0.72;680;720
13280;0.68;0.72;680;720
13360;0.68;0.72;680;720
13440;0.68;0.72;680;720
13520;0.68;0.72;680;720
13420;0.72;0.72;720;720
13500;0.72;0.72;720;720
13580;0.72;0.72;720;720
13480;0.76;0.72;760;720
13380;0.72;0.72;720;720
13460;0.72;0.72;720;720
13540;0.72;0.76;720;760
13620;0.72;0.76;720;760
13700;0.72;0.76;720;760
13780;0.72;0.76;720;760
13680;0.72;0.76;720;760
13760;0.72;0.76;720;760
13660;0.72;0.76;720;760
13560;0.72;0.76;720;760
13460;0.68;0.76;680;760
13540;0.68;0.76;680;760
13440;0.68;0.76;680;760
13340;0.68;0.76;680;760
13240;0.68;0.72;680;720
13320;0.68;0.72;680;720
13220;0.64;0.72;640;720
13120;0.6;0.72;600;720
13200;0.6;0.72;600;720
13100;0.6;0.76;600;760
13000;0.6;0.76;600;760
12900;0.6;0.72;600;720
12800;0.6;0.72;600;720
12880;0.6;0.68;600;680
12960;0.6;0.68;600;680
12860;0.6;0.68;600;680
12940;0.6;0.64;600;640
13020;0.56;0.64;560;640
12920;0.56;0.64;560;640
13000;0.56;0.6;560;600
13080;0.56;0.6;560;600
12980;0.56;0.6;560;600
13060;0.56;0.56;560;560
13140;0.56;0.56;560;560
13040;0.56;0.56;560;560
12940;0.56;0.56;560;560
12840;0.56;0.52;560;520
12920;0.56;0.48;560;480
12820;0.56;0.48;560;480
12720;0.52;0.48;520;480
12620;0.52;0.48;520;480
12700;0.48;0.48;480;480
12780;0.48;0.48;480;480
12860;0.48;0.44;480;440
12760;0.48;0.48;480;480
12660;0.48;0.44;480;440
12740;0.48;0.44;480;440
12640;0.48;0.48;480;480
12540;0.48;0.48;480;480
12440;0.48;0.44;480;440
12520;0.48;0.4;480;400
12420;0.48;0.4;480;400
12320;0.44;0.4;440;400
12220;0.44;0.4;440;400
12300;0.4;0.4;400;400
12380;0.44;0.4;440;400
12460;0.44;0.4;440;400
12540;0.44;0.4;440;400
12620;0.44;0.44;440;440
12700;0.48;0.44;480;440
12600;0.48;0.44;480;440
12680;0.48;0.48;480;480
12760;0.48;0.52;480;520
12660;0.44;0.52;440;520
12560;0.44;0.56;440;560
12640;0.44;0.56;440;560
12540;0.44;0.52;440;520
12440;0.48;0.52;480;520
12340;0.48;0.48;480;480
12420;0.48;0.48;480;480
12500;0.48;0.48;480;480
12580;0.44;0.48;440;480
12580;0.44;0.48;440;480
12660;0.44;0.52;440;520
12740;0.44;0.52;440;520
12820;0.44;0.52;440;520
12720;0.48;0.52;480;520
12620;0.48;0.52;480;520
12700;0.48;0.48;480;480
12780;0.48;0.52;480;520
12680;0.48;0.52;480;520
12760;0.48;0.52;480;520
12660;0.48;0.52;480;520
12740;0.48;0.48;480;480
12820;0.52;0.48;520;480
12720;0.56;0.48;560;480
12800;0.56;0.52;560;520
12700;0.52;0.52;520;520
12600;0.52;0.52;520;520
12500;0.52;0.52;520;520
12580;0.52;0.52;520;520
12480;0.52;0.56;520;560
12560;0.52;0.52;520;520
12640;0.52;0.52;520;520
12540;0.52;0.52;520;520
12440;0.52;0.52;520;520
12520;0.52;0.52;520;520
12420;0.52;0.56;520;560
12500;0.52;0.52;520;520
12580;0.56;0.52;560;520
12660;0.56;0.52;560;520
12740;0.56;0.52;560;520
12820;0.56;0.52;560;520
12900;0.56;0.52;560;520
12800;0.56;0.52;560;520
12880;0.56;0.56;560;560
12960;0.56;0.6;560;600
12860;0.56;0.6;560;600
12760;0.56;0.6;560;600
12660;0.56;0.6;560;600
12740;0.56;0.6;560;600
12820;0.56;0.6;560;600
12900;0.56;0.6;560;600
12980;0.6;0.6;600;600
13060;0.6;0.6;600;600
13140;0.6;0.6;600;600
13220;0.6;0.6;600;600
13120;0.6;0.64;600;640
13020;0.6;0.64;600;640
12920;0.6;0.64;600;640
12820;0.6;0.6;600;600
12900;0.6;0.6;600;600
12800;0.6;0.56;600;560
12700;0.6;0.52;600;520
12780;0.64;0.52;640;520
12860;0.64;0.52;640;520
12940;0.64;0.52;640;520
12840;0.64;0.52;640;520
12920;0.6;0.52;600;520
13000;0.64;0.52;640;520
13080;0.64;0.52;640;520
13160;0.68;0.52;680;520
13060;0.68;0.52;680;520
13140;0.68;0.52;680;520
13040;0.68;0.52;680;520
13120;0.68;0.52;680;520
13200;0.68;0.48;680;480
13100;0.68;0.48;680;480
13180;0.68;0.48;680;480
13260;0.72;0.48;720;480
13340;0.72;0.52;720;520
13240;0.72;0.52;720;520
13320;0.72;0.52;720;520
13400;0.76;0.52;760;520
13480;0.76;0.52;760;520
13560;0.8;0.52;800;520
13460;0.8;0.52;800;520
13540;0.8;0.52;800;520
13440;0.8;0.48;800;480
13340;0.8;0.48;800;480
13420;0.8;0.48;800;480
13500;0.8;0.52;800;520
13400;0.8;0.52;800;520
13480;0.8;0.52;800;520
13560;0.84;0.52;840;520
13460;0.84;0.52;840;520
13360;0.84;0.52;840;520
13260;0.8;0.52;800;520
13340;0.76;0.52;760;520
13420;0.76;0.52;760;520
13500;0.76;0.48;760;480
13580;0.76;0.48;760;480
13480;0.76;0.48;760;480
13560;0.76;0.48;760;480
13640;0.76;0.48;760;480
13720;0.72;0.48;720;480
13620;0.76;0.48;760;480
13520;0.72;0.48;720;480
13420;0.68;0.48;680;480
13500;0.64;0.48;640;480
13400;0.64;0.48;640;480
13300;0.6;0.48;600;480
13380;0.6;0.48;600;480
13460;0.6;0.52;600;520
13540;0.6;0.52;600;520
13620;0.6;0.56;600;560
13700;0.6;0.6;600;600
13600;0.6;0.64;600;640
13500;0.6;0.64;600;640
13400;0.6;0.64;600;640
13480;0.6;0.64;600;640
13380;0.6;0.64;600;640
13280;0.56;0.64;560;640
13180;0.56;0.64;560;640
13260;0.52;0.64;520;640
13160;0.52;0.6;520;600
13060;0.52;0.56;520;560
12960;0.52;0.56;520;560
12860;0.52;0.52;520;520
12940;0.52;0.52;520;520
13020;0.52;0.52;520;520
13100;0.52;0.52;520;520
13180;0.52;0.56;520;560
13080;0.52;0.56;520;560
13160;0.52;0.56;520;560
13240;0.52;0.56;520;560
13320;0.52;0.52;520;520
13400;0.52;0.52;520;520
13300;0.52;0.52;520;520
13380;0.52;0.52;520;520
13280;0.52;0.52;520;520
13360;0.48;0.52;480;520
13440;0.52;0.52;520;520
13340;0.56;0.52;560;520
13420;0.52;0.52;520;520
13500;0.52;0.52;520;520
13400;0.56;0.52;560;520
13480;0.52;0.52;520;520
13380;0.56;0.52;560;520
13280;0.56;0.52;560;520
13360;0.56;0.52;560;520
13440;0.56;0.56;560;560
13520;0.56;0.56;560;560
13420;0.6;0.56;600;560
13320;0.6;0.56;600;560
13400;0.6;0.6;600;600
13300;0.6;0.64;600;640
13380;0.6;0.6;600;600
13280;0.56;0.6;560;600
13180;0.56;0.6;560;600
13260;0.56;0.6;560;600
13160;0.56;0.6;560;600
13060;0.52;0.6;520;600
13140;0.52;0.56;520;560
13220;0.52;0.56;520;560
13300;0.52;0.56;520;560
13200;0.48;0.56;480;560
13280;0.48;0.56;480;560
13180;0.48;0.56;480;560
13260;0.48;0.56;480;560
13340;0.48;0.52;480;520
13420;0.48;0.56;480;560
13500;0.48;0.6;480;600
13400;0.52;0.6;520;600
13300;0.52;0.64;520;640
13200;0.52;0.64;520;640
13280;0.52;0.64;520;640
13360;0.52;0.68;520;680
13440;0.52;0.72;520;720
13340;0.48;0.72;480;720
13420;0.44;0.72;440;720
13320;0.44;0.76;440;760
13400;0.44;0.76;440;760
13300;0.44;0.72;440;720
13380;0.44;0.68;440;680
13460;0.44;0.68;440;680
13360;0.44;0.68;440;680
13440;0.44;0.68;440;680
13340;0.44;0.68;440;680
13240;0.44;0.68;440;680
13140;0.44;0.68;440;680
13040;0.4;0.68;400;680
12940;0.36;0.68;360;680
13020;0.36;0.68;360;680
12920;0.36;0.68;360;680
12820;0.36;0.68;360;680
12720;0.36;0.64;360;640
12620;0.36;0.6;360;600
12520;0.36;0.56;360;560
12600;0.32;0.56;320;560
12500;0.32;0.56;320;560
12500;0.32;0.56;320;560
12580;0.36;0.56;360;560
12480;0.36;0.52;360;520
12560;0.36;0.52;360;520
12640;0.36;0.52;360;520
12540;0.36;0.52;360;520
12620;0.36;0.52;360;520
12700;0.4;0.52;400;520
12600;0.44;0.52;440;520
12500;0.44;0.52;440;520
12580;0.44;0.48;440;480
12660;0.44;0.48;440;480
12560;0.44;0.48;440;480
12640;0.44;0.48;440;480
12720;0.4;0.48;400;480
12800;0.4;0.48;400;480
12700;0.4;0.48;400;480
12780;0.4;0.48;400;480
12860;0.44;0.48;440;480
12940;0.44;0.44;440;440
12840;0.44;0.48;440;480
12920;0.44;0.44;440;440
12820;0.44;0.44;440;440
12900;0.48;0.44;480;440
12800;0.48;0.4;480;400
12880;0.52;0.4;520;400
12960;0.56;0.4;560;400
13040;0.56;0.4;560;400
13120;0.56;0.44;560;440
13200;0.56;0.44;560;440
13100;0.56;0.44;560;440
13000;0.56;0.44;560;440
13080;0.56;0.44;560;440
13160;0.6;0.44;600;440
13240;0.6;0.44;600;440
13140;0.64;0.44;640;440
13040;0.64;0.48;640;480
13120;0.64;0.48;640;480
13020;0.64;0.52;640;520
12920;0.64;0.52;640;520
13000;0.64;0.52;640;520
12900;0.64;0.52;640;520
12980;0.68;0.52;680;520
13060;0.68;0.52;680;520
13140;0.68;0.52;680;520
13220;0.72;0.52;720;520
13120;0.72;0.52;720;520
13200;0.72;0.52;720;520
13280;0.76;0.52;760;520
13360;0.76;0.48;760;480
13260;0.76;0.52;760;520
13340;0.76;0.48;760;480
13420;0.8;0.48;800;480
13500;0.8;0.52;800;520
13400;0.84;0.52;840;520
13480;0.84;0.52;840;520
13380;0.84;0.52;840;520
13280;0.84;0.52;840;520
13180;0.84;0.48;840;480
13080;0.8;0.48;800;480
13160;0.8;0.44;800;440
13060;0.8;0.48;800;480
13140;0.8;0.44;800;440
13220;0.8;0.44;800;440
13120;0.8;0.44;800;440
13020;0.76;0.44;760;440
12920;0.72;0.44;720;440
13000;0.68;0.44;680;440
13080;0.72;0.44;720;440
13160;0.72;0.48;720;480
13240;0.72;0.48;720;480
13320;0.72;0.48;720;480
13220;0.72;0.48;720;480
13300;0.68;0.48;680;480
13380;0.68;0.52;680;520
13460;0.68;0.56;680;560
13360;0.68;0.56;680;560
13260;0.68;0.52;680;520
13160;0.68;0.48;680;480
13240;0.68;0.48;680;480
13140;0.68;0.48;680;480
13220;0.64;0.48;640;480
13300;0.64;0.48;640;480
13380;0.64;0.48;640;480
13460;0.64;0.48;640;480
13540;0.64;0.52;640;520
13440;0.64;0.52;640;520
13340;0.64;0.52;640;520
13420;0.68;0.52;680;520
13500;0.68;0.48;680;480
13500;0.68;0.48;680;480
13580;0.68;0.48;680;480
13480;0.68;0.52;680;520
13560;0.68;0.52;680;520
13460;0.68;0.52;680;520
13360;0.68;0.52;680;520
13440;0.64;0.52;640;520
13520;0.64;0.52;640;520
13600;0.64;0.52;640;520
13500;0.64;0.56;640;560
13400;0.64;0.52;640;520
13480;0.64;0.48;640;480
13560;0.64;0.48;640;480
13640;0.64;0.48;640;480
13540;0.68;0.48;680;480
13440;0.64;0.48;640;480
13520;0.64;0.52;640;520
13600;0.6;0.52;600;520
13680;0.6;0.56;600;560
13760;0.6;0.6;600;600
13840;0.6;0.6;600;600
13920;0.64;0.6;640;600
14000;0.68;0.6;680;600
14080;0.68;0.6;680;600
14160;0.72;0.6;720;600
14240;0.72;0.6;720;600
14320;0.76;0.6;760;600
14400;0.76;0.64;760;640
14300;0.8;0.64;800;640
14200;0.76;0.64;760;640
14100;0.76;0.64;760;640
14000;0.76;0.6;760;600
14080;0.76;0.56;760;560
14160;0.76;0.56;760;560
14240;0.72;0.56;720;560
14140;0.72;0.56;720;560
14220;0.72;0.56;720;560
14120;0.72;0.56;720;560
14200;0.72;0.56;720;560
14100;0.72;0.56;720;560
14000;0.68;0.56;680;560
13900;0.68;0.56;680;560
13800;0.64;0.56;640;560
13700;0.64;0.6;640;600
13780;0.6;0.6;600;600
13680;0.6;0.6;600;600
13760;0.6;0.6;600;600
13840;0.56;0.6;560;600
13920;0.56;0.6;560;600
14000;0.56;0.6;560;600
13900;0.56;0.6;560;600
13800;0.56;0.6;560;600
13880;0.56;0.6;560;600
13780;0.56;0.6;560;600
13680;0.56;0.6;560;600
13760;0.56;0.6;560;600
13660;0.56;0.6;560;600
13560;0.56;0.6;560;600
13640;0.56;0.56;560;560
13720;0.56;0.6;560;600
13620;0.56;0.64;560;640
13520;0.56;0.6;560;600
13420;0.56;0.6;560;600
13500;0.52;0.6;520;600
13400;0.52;0.56;520;560
13300;0.52;0.52;520;520
13200;0.52;0.52;520;520
13280;0.52;0.52;520;520
13180;0.52;0.48;520;480
13260;0.52;0.44;520;440
13160;0.56;0.44;560;440
13240;0.56;0.44;560;440
13140;0.56;0.44;560;440
13220;0.56;0.44;560;440
13300;0.56;0.48;560;480
13380;0.56;0.48;560;480
13460;0.56;0.48;560;480
13540;0.52;0.48;520;480
13620;0.52;0.48;520;480
13520;0.52;0.48;520;480
13600;0.48;0.48;480;480
13680;0.48;0.52;480;520
13760;0.48;0.52;480;520
13840;0.48;0.52;480;520
13740;0.48;0.56;480;560
13820;0.48;0.52;480;520
13720;0.48;0.52;480;520
13800;0.48;0.52;480;520
13700;0.48;0.52;480;520
13780;0.48;0.52;480;520
13860;0.48;0.52;480;520
13940;0.48;0.56;480;560
13840;0.48;0.6;480;600
13920;0.48;0.6;480;600
14000;0.52;0.6;520;600
13900;0.56;0.6;560;600
13900;0.56;0.6;560;600
13980;0.56;0.56;560;560
14060;0.52;0.56;520;560
14140;0.56;0.56;560;560
14220;0.56;0.6;560;600
14300;0.56;0.6;560;600
14380;0.56;0.6;560;600
14460;0.6;0.6;600;600
14540;0.64;0.6;640;600
14620;0.64;0.6;640;600
14520;0.64;0.64;640;640
14600;0.64;0.64;640;640
14500;0.64;0.68;640;680
14580;0.64;0.68;640;680
14660;0.68;0.68;680;680
14560;0.68;0.72;680;720
14460;0.68;0.68;680;680
14360;0.68;0.64;680;640
14260;0.68;0.64;680;640
14160;0.72;0.64;720;640
14240;0.68;0.64;680;640
14320;0.72;0.64;720;640
14400;0.72;0.6;720;600
14480;0.72;0.6;720;600
14380;0.72;0.6;720;600
14280;0.72;0.56;720;560
14180;0.72;0.56;720;560
14080;0.68;0.56;680;560
14160;0.68;0.56;680;560
14240;0.72;0.56;720;560
14320;0.72;0.52;720;520
14400;0.72;0.52;720;520
14480;0.76;0.52;760;520
14380;0.76;0.52;760;520
14460;0.76;0.52;760;520
14540;0.76;0.52;760;520
14620;0.76;0.52;760;520
14520;0.76;0.56;760;560
14420;0.8;0.56;800;560
14500;0.8;0.56;800;560
14580;0.76;0.56;760;560
14480;0.76;0.56;760;560
14560;0.76;0.52;760;520
14460;0.76;0.52;760;520
14540;0.76;0.52;760;520
14620;0.76;0.52;760;520
14700;0.76;0.52;760;520
14780;0.8;0.52;800;520
14860;0.8;0.52;800;520
14940;0.8;0.52;800;520
15020;0.8;0.52;800;520
14920;0.8;0.52;800;520
15000;0.76;0.52;760;520
15080;0.76;0.52;760;520
15160;0.8;0.52;800;520
15060;0.8;0.52;800;520
15060;0.8;0.52;800;520
15140;0.76;0.52;760;520
15220;0.76;0.52;760;520
15120;0.76;0.52;760;520
15020;0.76;0.48;760;480
15100;0.76;0.48;760;480
15000;0.76;0.48;760;480
15080;0.76;0.48;760;480
15160;0.76;0.48;760;480
15060;0.76;0.48;760;480
14960;0.76;0.48;760;480
15040;0.72;0.48;720;480
14940;0.76;0.48;760;480
15020;0.76;0.48;760;480
15100;0.76;0.52;760;520
15000;0.76;0.56;760;560
15080;0.76;0.56;760;560
15160;0.72;0.56;720;560
15240;0.72;0.56;720;560
15320;0.72;0.56;720;560
15400;0.72;0.56;720;560
15300;0.76;0.56;760;560
15380;0.76;0.56;760;560
15280;0.76;0.56;760;560
15180;0.72;0.56;720;560
15080;0.72;0.6;720;600
15160;0.72;0.6;720;600
15240;0.68;0.6;680;600
15320;0.68;0.6;680;600
15400;0.68;0.64;680;640
15480;0.68;0.64;680;640
15560;0.68;0.64;680;640
15640;0.68;0.64;680;640
15540;0.68;0.68;680;680
15620;0.68;0.68;680;680
15520;0.68;0.64;680;640
15600;0.72;0.64;720;640
15500;0.72;0.64;720;640
15580;0.72;0.64;720;640
15660;0.72;0.64;720;640
15560;0.72;0.68;720;680
15460;0.72;0.64;720;640
15540;0.72;0.6;720;600
15620;0.68;0.6;680;600
15700;0.68;0.6;680;600
15780;0.68;0.6;680;600
15860;0.68;0.6;680;600
15940;0.72;0.6;720;600
15840;0.72;0.6;720;600
15920;0.68;0.6;680;600
15820;0.68;0.6;680;600
15900;0.68;0.6;680;600
15980;0.68;0.6;680;600
16060;0.68;0.64;680;640
16140;0.68;0.68;680;680
16040;0.68;0.68;680;680
15940;0.68;0.68;680;680
16020;0.68;0.68;680;680
15920;0.68;0.68;680;680
15820;0.64;0.68;640;680
15720;0.64;0.68;640;680
15800;0.64;0.64;640;640
15880;0.6;0.64;600;640
15780;0.6;0.68;600;680
15860;0.64;0.68;640;680
15760;0.64;0.68;640;680
15840;0.6;0.68;600;680
15920;0.6;0.64;600;640
16000;0.6;0.64;600;640
15900;0.64;0.64;640;640
15800;0.6;0.64;600;640
15700;0.6;0.64;600;640
15780;0.6;0.64;600;640
15860;0.6;0.68;600;680
15940;0.6;0.68;600;680
15840;0.6;0.68;600;680
15920;0.6;0.64;600;640
16000;0.6;0.64;600;640
15900;0.6;0.68;600;680
15980;0.6;0.68;600;680
16060;0.6;0.64;600;640
16140;0.6;0.64;600;640
16220;0.6;0.64;600;640
16300;0.6;0.64;600;640
16380;0.6;0.64;600;640
16280;0.6;0.64;600;640
16180;0.6;0.64;600;640
16260;0.56;0.64;560;640
16340;0.56;0.64;560;640
16240;0.56;0.64;560;640
16140;0.56;0.64;560;640
16220;0.56;0.64;560;640
16120;0.52;0.64;520;640
16200;0.52;0.68;520;680
16280;0.52;0.68;520;680
16360;0.52;0.68;520;680
16260;0.48;0.68;480;680
16340;0.48;0.68;480;680
16240;0.48;0.72;480;720
16320;0.48;0.72;480;720
16220;0.48;0.72;480;720
16300;0.48;0.68;480;680
16380;0.48;0.68;480;680
16460;0.52;0.68;520;680
16360;0.52;0.68;520;680
16260;0.48;0.68;480;680
16340;0.48;0.68;480;680
16240;0.48;0.68;480;680
16320;0.48;0.68;480;680
16220;0.52;0.68;520;680
16300;0.48;0.68;480;680
16200;0.48;0.68;480;680
16100;0.48;0.68;480;680
16000;0.48;0.68;480;680
16080;0.44;0.68;440;680
16160;0.48;0.68;480;680
16240;0.48;0.68;480;680
16140;0.48;0.72;480;720
16220;0.48;0.68;480;680
16300;0.48;0.72;480;720
16380;0.52;0.72;520;720
16280;0.56;0.72;560;720
16360;0.56;0.72;560;720
16260;0.56;0.72;560;720
16340;0.56;0.68;560;680
16420;0.56;0.68;560;680
16320;0.56;0.72;560;720
16220;0.56;0.68;560;680
16300;0.56;0.68;560;680
16380;0.52;0.68;520;680
16460;0.52;0.68;520;680
16540;0.52;0.68;520;680
16620;0.52;0.68;520;680
16520;0.52;0.68;520;680
16600;0.52;0.64;520;640
16500;0.52;0.64;520;640
16580;0.52;0.64;520;640
16480;0.52;0.64;520;640
16380;0.56;0.64;560;640
16280;0.52;0.64;520;640
16360;0.52;0.64;520;640
16440;0.48;0.64;480;640
16520;0.48;0.64;480;640
16600;0.52;0.64;520;640
16680;0.52;0.64;520;640
16760;0.52;0.64;520;640
16840;0.52;0.64;520;640
16920;0.56;0.64;560;640
16820;0.56;0.68;560;680
16900;0.6;0.68;600;680
16800;0.6;0.68;600;680
16880;0.6;0.64;600;640
16960;0.6;0.68;600;680
17040;0.6;0.68;600;680
17120;0.6;0.68;600;680
17020;0.6;0.72;600;720
17100;0.56;0.72;560;720
17180;0.56;0.68;560;680
17260;0.56;0.72;560;720
17340;0.56;0.72;560;720
17420;0.56;0.72;560;720
17320;0.56;0.72;560;720
17400;0.56;0.68;560;680
17480;0.6;0.68;600;680
17380;0.6;0.72;600;720
17280;0.6;0.68;600;680
17360;0.6;0.64;600;640
17440;0.6;0.68;600;680
17520;0.6;0.72;600;720
17520;0.6;0.72;600;720
17420;0.64;0.72;640;720
17500;0.64;0.72;640;720
17580;0.64;0.72;640;720
17660;0.64;0.72;640;720
17740;0.64;0.72;640;720
17640;0.64;0.76;640;760
17720;0.64;0.72;640;720
17620;0.68;0.72;680;720
17700;0.64;0.72;640;720
17780;0.68;0.72;680;720
17860;0.72;0.72;720;720
17760;0.72;0.76;720;760
17840;0.72;0.72;720;720
17740;0.72;0.72;720;720
17820;0.72;0.68;720;680
17900;0.72;0.68;720;680
17800;0.72;0.68;720;680
17880;0.68;0.68;680;680
17780;0.72;0.68;720;680
17680;0.72;0.68;720;680
17760;0.72;0.64;720;640
17840;0.68;0.64;680;640
17740;0.68;0.64;680;640
17640;0.68;0.68;680;680
17540;0.68;0.64;680;640
17620;0.68;0.6;680;600
17700;0.68;0.6;680;600
17780;0.64;0.6;640;600
17860;0.68;0.6;680;600
17940;0.68;0.6;680;600
17840;0.68;0.6;680;600
17920;0.68;0.64;680;640
17820;0.68;0.64;680;640
17900;0.68;0.64;680;640
17800;0.68;0.64;680;640
17800;0.68;0.64;680;640
17700;0.68;0.64;680;640
17600;0.68;0.6;680;600
17680;0.68;0.6;680;600
17580;0.64;0.6;640;600
17660;0.6;0.6;600;600
17740;0.6;0.6;600;600
17640;0.6;0.6;600;600
17540;0.6;0.6;600;600
17620;0.6;0.6;600;600
17520;0.6;0.6;600;600
17420;0.6;0.64;600;640
17320;0.56;0.64;560;640
17400;0.52;0.64;520;640
17300;0.52;0.64;520;640
17200;0.52;0.64;520;640
17100;0.48;0.64;480;640
17000;0.48;0.6;480;600
17080;0.44;0.6;440;600
17160;0.44;0.56;440;560
17240;0.48;0.56;480;560
17140;0.48;0.56;480;560
17220;0.48;0.52;480;520
17300;0.48;0.52;480;520
17200;0.48;0.52;480;520
17280;0.44;0.52;440;520
17180;0.44;0.52;440;520
17260;0.44;0.56;440;560
17160;0.4;0.56;400;560
17240;0.4;0.56;400;560
17320;0.4;0.6;400;600
17220;0.4;0.6;400;600
17120;0.4;0.6;400;600
17200;0.4;0.56;400;560
17280;0.4;0.6;400;600
17180;0.4;0.6;400;600
17260;0.4;0.6;400;600
17160;0.4;0.6;400;600
17060;0.36;0.6;360;600
17140;0.36;0.64;360;640
17220;0.36;0.64;360;640
17120;0.36;0.64;360;640
17020;0.32;0.64;320;640
17100;0.32;0.64;320;640
17000;0.32;0.64;320;640
17080;0.32;0.6;320;600
17160;0.32;0.6;320;600
17060;0.32;0.6;320;600
17140;0.32;0.6;320;600
17040;0.32;0.64;320;640
17120;0.32;0.64;320;640
17200;0.32;0.64;320;640
17280;0.36;0.64;360;640
17180;0.4;0.64;400;640
17260;0.4;0.64;400;640
17340;0.44;0.64;440;640
17240;0.44;0.6;440;600
17320;0.44;0.6;440;600
17220;0.44;0.6;440;600
17300;0.44;0.6;440;600
17380;0.44;0.6;440;600
17280;0.44;0.6;440;600
17360;0.44;0.6;440;600
17260;0.44;0.64;440;640
17340;0.44;0.6;440;600
17420;0.44;0.64;440;640
17500;0.44;0.64;440;640
17580;0.48;0.64;480;640
17480;0.52;0.64;520;640
17380;0.52;0.64;520;640
17280;0.48;0.64;480;640
17360;0.48;0.6;480;600
17440;0.48;0.6;480;600
17340;0.48;0.6;480;600
17420;0.48;0.56;480;560
17500;0.52;0.56;520;560
17400;0.56;0.56;560;560
17480;0.56;0.6;560;600
17560;0.52;0.6;520;600
17640;0.52;0.64;520;640
17540;0.52;0.64;520;640
17620;0.52;0.64;520;640
17520;0.52;0.64;520;640
17420;0.52;0.64;520;640
17320;0.52;0.6;520;600
17220;0.52;0.6;520;600
17300;0.52;0.56;520;560
17200;0.48;0.56;480;560
17280;0.48;0.56;480;560
17360;0.48;0.6;480;600
17260;0.48;0.6;480;600
17340;0.48;0.6;480;600
17420;0.52;0.6;520;600
17320;0.52;0.56;520;560
17400;0.56;0.56;560;560
17300;0.6;0.56;600;560
17200;0.6;0.56;600;560
17100;0.6;0.52;600;520
17180;0.6;0.52;600;520
17080;0.64;0.52;640;520
16980;0.64;0.52;640;520
17060;0.64;0.52;640;520
16960;0.6;0.52;600;520
16860;0.56;0.52;560;520
16760;0.52;0.52;520;520
16660;0.48;0.52;480;520
16560;0.48;0.52;480;520
16460;0.44;0.52;440;520
16540;0.4;0.52;400;520
16620;0.4;0.52;400;520
16700;0.44;0.52;440;520
16780;0.44;0.52;440;520
16680;0.44;0.52;440;520
16580;0.4;0.52;400;520
16660;0.4;0.56;400;560
16660;0.4;0.56;400;560
16560;0.4;0.56;400;560
16640;0.4;0.56;400;560
16720;0.4;0.56;400;560
16620;0.4;0.56;400;560
16700;0.4;0.56;400;560
16780;0.4;0.56;400;560
16860;0.4;0.6;400;600
16760;0.4;0.6;400;600
16660;0.4;0.56;400;560
16740;0.4;0.56;400;560
16820;0.44;0.56;440;560
16900;0.48;0.56;480;560
16800;0.48;0.52;480;520
16700;0.48;0.52;480;520
16780;0.52;0.52;520;520
16680;0.52;0.48;520;480
16580;0.52;0.48;520;480
16660;0.52;0.48;520;480
16740;0.52;0.48;520;480
16640;0.52;0.44;520;440
16720;0.52;0.44;520;440
16620;0.56;0.44;560;440
16700;0.52;0.44;520;440
16600;0.56;0.44;560;440
16680;0.56;0.44;560;440
16580;0.56;0.4;560;400
16480;0.6;0.4;600;400
16560;0.6;0.4;600;400
16460;0.6;0.36;600;360
16360;0.6;0.32;600;320
16440;0.6;0.32;600;320
16340;0.6;0.36;600;360
16340;0.6;0.36;600;360
16420;0.64;0.36;640;360
16500;0.64;0.36;640;360
16580;0.68;0.36;680;360
16480;0.68;0.36;680;360
16380;0.68;0.32;680;320
16280;0.72;0.32;720;320
16360;0.68;0.32;680;320
16260;0.68;0.28;680;280
16340;0.68;0.28;680;280
16240;0.68;0.32;680;320
16320;0.68;0.32;680;320
16400;0.68;0.32;680;320
16480;0.68;0.36;680;360
16560;0.68;0.4;680;400
16460;0.68;0.4;680;400
16540;0.68;0.4;680;400
16440;0.68;0.4;680;400
16340;0.68;0.36;680;360
16420;0.68;0.32;680;320
16500;0.68;0.32;680;320
16580;0.68;0.36;680;360
16480;0.68;0.4;680;400
16380;0.68;0.4;680;400
16460;0.68;0.4;680;400
16360;0.68;0.44;680;440
16440;0.68;0.44;680;440
16340;0.68;0.44;680;440
16420;0.68;0.44;680;440
16320;0.68;0.44;680;440
16400;0.64;0.44;640;440
16480;0.64;0.48;640;480
16380;0.64;0.52;640;520
16280;0.68;0.52;680;520
16360;0.68;0.52;680;520
16260;0.68;0.56;680;560
16340;0.68;0.56;680;560
16240;0.64;0.56;640;560
16140;0.6;0.56;600;560
16220;0.56;0.56;560;560
16300;0.56;0.56;560;560
16200;0.56;0.56;560;560
16100;0.52;0.56;520;560
16000;0.52;0.56;520;560
15900;0.52;0.56;520;560
15980;0.48;0.56;480;560
15880;0.48;0.52;480;520
15780;0.48;0.52;480;520
15860;0.48;0.52;480;520
15940;0.48;0.52;480;520
15840;0.52;0.52;520;520
15740;0.48;0.52;480;520
15820;0.48;0.52;480;520
15720;0.48;0.52;480;520
15620;0.44;0.52;440;520
15700;0.4;0.52;400;520
15600;0.4;0.52;400;520
15680;0.4;0.52;400;520
15760;0.4;0.56;400;560
15660;0.4;0.56;400;560
15740;0.4;0.56;400;560
15820;0.44;0.56;440;560
15720;0.44;0.56;440;560
15620;0.44;0.52;440;520
15700;0.44;0.48;440;480
15600;0.44;0.48;440;480
15500;0.4;0.48;400;480
15580;0.4;0.48;400;480
15480;0.4;0.52;400;520
15560;0.4;0.52;400;520
15460;0.4;0.52;400;520
15540;0.4;0.48;400;480
15440;0.4;0.48;400;480
15520;0.4;0.48;400;480
15600;0.4;0.48;400;480
15680;0.44;0.48;440;480
15580;0.48;0.48;480;480
15480;0.48;0.48;480;480
15380;0.48;0.48;480;480
15280;0.48;0.44;480;440
15180;0.44;0.44;440;440
15260;0.44;0.44;440;440
15160;0.44;0.44;440;440
15240;0.44;0.44;440;440
15320;0.48;0.44;480;440
15400;0.48;0.4;480;400
15480;0.48;0.44;480;440
15560;0.52;0.44;520;440
15640;0.52;0.44;520;440
15640;0.52;0.44;520;440
15720;0.52;0.44;520;440
15800;0.56;0.44;560;440
15880;0.56;0.44;560;440
15960;0.56;0.48;560;480
15860;0.6;0.48;600;480
15940;0.56;0.48;560;480
15840;0.56;0.48;560;480
15920;0.56;0.48;560;480
15820;0.56;0.52;560;520
15900;0.56;0.52;560;520
15980;0.6;0.52;600;520
15880;0.6;0.52;600;520
15960;0.56;0.52;560;520
16040;0.6;0.52;600;520
16120;0.6;0.56;600;560
16200;0.64;0.56;640;560
16280;0.64;0.56;640;560
16180;0.68;0.56;680;560
16260;0.68;0.56;680;560
16340;0.68;0.56;680;560
16240;0.68;0.56;680;560
16140;0.68;0.56;680;560
16040;0.68;0.52;680;520
16120;0.68;0.52;680;520
16020;0.68;0.52;680;520
15920;0.68;0.52;680;520
15820;0.64;0.52;640;520
15900;0.6;0.52;600;520
15800;0.64;0.52;640;520
15880;0.64;0.52;640;520
15780;0.64;0.56;640;560
15860;0.64;0.56;640;560
15940;0.64;0.56;640;560
16020;0.64;0.56;640;560
16100;0.64;0.56;640;560
16180;0.64;0.6;640;600
16260;0.64;0.6;640;600
16340;0.64;0.6;640;600
16240;0.64;0.64;640;640
16140;0.64;0.6;640;600
16040;0.68;0.6;680;600
15940;0.64;0.6;640;600
15840;0.6;0.6;600;600
15920;0.6;0.6;600;600
15820;0.6;0.6;600;600
15720;0.6;0.6;600;600
15800;0.6;0.6;600;600
15700;0.6;0.64;600;640
15780;0.56;0.64;560;640
15860;0.56;0.64;560;640
15940;0.56;0.6;560;600
16020;0.56;0.6;560;600
15920;0.56;0.6;560;600
15820;0.52;0.6;520;600
15900;0.52;0.6;520;600
15980;0.52;0.6;520;600
16060;0.52;0.6;520;600
16140;0.52;0.6;520;600
16040;0.52;0.6;520;600
16120;0.52;0.6;520;600
16200;0.52;0.64;520;640
16280;0.52;0.64;520;640
16180;0.52;0.64;520;640
16080;0.48;0.64;480;640
16160;0.44;0.64;440;640
16060;0.44;0.64;440;640
16140;0.44;0.64;440;640
16220;0.44;0.64;440;640
16120;0.48;0.64;480;640
